Project Name,Test Name,Count,Direct Count,Methods,Direct Methods
r2dbc-h2,io.r2dbc.h2.H2BatchTest.addNoSql,2,1,",io.r2dbc.h2.H2Batch.add,io.r2dbc.h2.util.Assert.requireNonNull",",io.r2dbc.h2.H2Batch.add"
r2dbc-h2,io.r2dbc.h2.H2BatchTest.addWithParameter,0,0,,
r2dbc-h2,io.r2dbc.h2.H2BatchTest.constructorNoClient,2,2,",io.r2dbc.h2.codecs.MockCodecs.empty,io.r2dbc.h2.util.Assert.requireNonNull",",io.r2dbc.h2.codecs.MockCodecs.empty,io.r2dbc.h2.util.Assert.requireNonNull"
r2dbc-h2,io.r2dbc.h2.H2BatchTest.constructorNoCodecs,1,1,",io.r2dbc.h2.util.Assert.requireNonNull",",io.r2dbc.h2.util.Assert.requireNonNull"
r2dbc-h2,io.r2dbc.h2.H2BatchTest.execute,7,4,",io.r2dbc.h2.H2Batch.execute,io.r2dbc.h2.codecs.MockCodecs.builder,io.r2dbc.h2.CommandUtil.clearForReuse,io.r2dbc.h2.H2Batch.add,io.r2dbc.h2.H2RowMetadata.getColumnMetadatas,io.r2dbc.h2.H2RowMetadata.toRowMetadata,io.r2dbc.h2.codecs.MockCodecs.empty,io.r2dbc.h2.H2Result.toResult,io.r2dbc.h2.ColumnSource.getNameKeyedColumns",",io.r2dbc.h2.H2Batch.execute,io.r2dbc.h2.CommandUtil.clearForReuse,io.r2dbc.h2.H2Batch.add,io.r2dbc.h2.codecs.MockCodecs.empty,io.r2dbc.h2.H2Result.toResult"
r2dbc-h2,io.r2dbc.h2.H2BatchTest.executeErrorResponse,1,1,",io.r2dbc.h2.H2DatabaseExceptionFactory.convert",",io.r2dbc.h2.H2DatabaseExceptionFactory.convert"
r2dbc-h2,io.r2dbc.h2.H2ColumnMetadataTest.constructorNoName,1,1,",io.r2dbc.h2.util.Assert.requireNonNull",",io.r2dbc.h2.util.Assert.requireNonNull"
r2dbc-h2,io.r2dbc.h2.H2ColumnMetadataTest.constructorNoNativeType,1,1,",io.r2dbc.h2.util.Assert.requireNonNull",",io.r2dbc.h2.util.Assert.requireNonNull"
r2dbc-h2,io.r2dbc.h2.H2ColumnMetadataTest.constructorNoNullability,1,1,",io.r2dbc.h2.util.Assert.requireNonNull",",io.r2dbc.h2.util.Assert.requireNonNull"
r2dbc-h2,io.r2dbc.h2.H2ColumnMetadataTest.constructorNoPrecision,1,1,",io.r2dbc.h2.util.Assert.requireNonNull",",io.r2dbc.h2.util.Assert.requireNonNull"
r2dbc-h2,io.r2dbc.h2.H2ColumnMetadataTest.constructorNoScale,1,1,",io.r2dbc.h2.util.Assert.requireNonNull",",io.r2dbc.h2.util.Assert.requireNonNull"
r2dbc-h2,io.r2dbc.h2.H2ColumnMetadataTest.toColumnMetadata,4,4,",io.r2dbc.h2.codecs.MockCodecs.builder,io.r2dbc.h2.H2ColumnMetadata.getPrecision,io.r2dbc.h2.codecs.MockCodecs.preferredType,io.r2dbc.h2.H2ColumnMetadata.getJavaType,io.r2dbc.h2.H2ColumnMetadata.toColumnMetadata,io.r2dbc.h2.H2ColumnMetadata.getScale",",io.r2dbc.h2.H2ColumnMetadata.getPrecision,io.r2dbc.h2.codecs.MockCodecs.builder,io.r2dbc.h2.H2ColumnMetadata.getJavaType,io.r2dbc.h2.H2ColumnMetadata.toColumnMetadata,io.r2dbc.h2.H2ColumnMetadata.getScale"
r2dbc-h2,io.r2dbc.h2.H2ColumnMetadataTest.toColumnMetadataNoCodecs,2,1,",io.r2dbc.h2.H2ColumnMetadata.toColumnMetadata,io.r2dbc.h2.util.Assert.requireNonNull",",io.r2dbc.h2.H2ColumnMetadata.toColumnMetadata"
r2dbc-h2,io.r2dbc.h2.H2ColumnMetadataTest.toColumnMetadataNoResult,4,2,",io.r2dbc.h2.codecs.MockCodecs.builder,io.r2dbc.h2.util.Assert.requireNonNull,io.r2dbc.h2.codecs.MockCodecs.empty,io.r2dbc.h2.H2ColumnMetadata.toColumnMetadata",",io.r2dbc.h2.H2ColumnMetadata.toColumnMetadata,io.r2dbc.h2.codecs.MockCodecs.empty"
r2dbc-h2,io.r2dbc.h2.H2ConnectionFactoryInMemoryTest.closedDatabaseFailsToCreateConnections,14,2,",io.r2dbc.h2.client.SessionClient.createCommand,io.r2dbc.h2.client.SessionClient.update,io.r2dbc.h2.H2ConnectionFactory.inMemory,io.r2dbc.h2.codecs.DefaultCodecs.addOptionalCodecs,io.r2dbc.h2.util.Assert.requireNonNull,io.r2dbc.h2.H2Statement.execute,io.r2dbc.h2.codecs.DefaultCodecs.createCodecs,io.r2dbc.h2.H2Result.getRowsUpdated,io.r2dbc.h2.H2Connection.close,io.r2dbc.h2.H2ConnectionFactory.getConnectionInfo,io.r2dbc.h2.H2ConnectionFactoryInMemoryTest.runCommand,io.r2dbc.h2.H2ConnectionFactory.getSessionClient,io.r2dbc.h2.codecs.DefaultCodecs.isPresent,io.r2dbc.h2.client.SessionClient.query,io.r2dbc.h2.H2Result.toResult",",io.r2dbc.h2.H2ConnectionFactoryInMemoryTest.runCommand,io.r2dbc.h2.H2ConnectionFactory.inMemory"
r2dbc-h2,io.r2dbc.h2.H2ConnectionFactoryInMemoryTest.closedDatabaseShutsDownClientSessions,10,6,",io.r2dbc.h2.client.SessionClient.createCommand,io.r2dbc.h2.codecs.DefaultCodecs.addOptionalCodecs,io.r2dbc.h2.H2ConnectionFactory.inMemory,io.r2dbc.h2.H2DatabaseExceptionFactory.convert,io.r2dbc.h2.H2Statement.execute,io.r2dbc.h2.codecs.DefaultCodecs.createCodecs,io.r2dbc.h2.H2ConnectionFactory.getConnectionInfo,io.r2dbc.h2.H2ConnectionFactory.getSessionClient,io.r2dbc.h2.codecs.DefaultCodecs.isPresent,io.r2dbc.h2.client.SessionClient.query",",io.r2dbc.h2.client.SessionClient.createCommand,io.r2dbc.h2.H2ConnectionFactory.inMemory,io.r2dbc.h2.H2Statement.execute,io.r2dbc.h2.codecs.DefaultCodecs.createCodecs,io.r2dbc.h2.H2ConnectionFactory.getSessionClient,io.r2dbc.h2.client.SessionClient.query"
r2dbc-h2,io.r2dbc.h2.H2ConnectionFactoryInMemoryTest.databaseClosedAfterFactoryClose,13,2,",io.r2dbc.h2.client.SessionClient.createCommand,io.r2dbc.h2.client.SessionClient.update,io.r2dbc.h2.codecs.DefaultCodecs.addOptionalCodecs,io.r2dbc.h2.client.SessionClient.prepareCommand,io.r2dbc.h2.CommandUtil.clearForReuse,io.r2dbc.h2.H2ConnectionFactory.inMemory,io.r2dbc.h2.H2Connection.createStatement,io.r2dbc.h2.H2Statement.execute,io.r2dbc.h2.codecs.DefaultCodecs.createCodecs,io.r2dbc.h2.H2ConnectionConfiguration.builder,io.r2dbc.h2.H2ConnectionFactory.getConnectionInfo,io.r2dbc.h2.H2ConnectionFactoryInMemoryTest.runCommand,io.r2dbc.h2.H2ConnectionFactory.getSessionClient,io.r2dbc.h2.codecs.DefaultCodecs.isPresent,io.r2dbc.h2.client.SessionClient.query,io.r2dbc.h2.H2Result.toResult",",io.r2dbc.h2.H2ConnectionFactoryInMemoryTest.runCommand,io.r2dbc.h2.H2ConnectionFactory.inMemory"
r2dbc-h2,io.r2dbc.h2.H2ConnectionFactoryInMemoryTest.retainsStateAfterRunningCommand,12,2,",io.r2dbc.h2.client.SessionClient.createCommand,io.r2dbc.h2.client.SessionClient.update,io.r2dbc.h2.H2ConnectionFactory.inMemory,io.r2dbc.h2.codecs.DefaultCodecs.addOptionalCodecs,io.r2dbc.h2.client.SessionClient.prepareCommand,io.r2dbc.h2.H2Statement.execute,io.r2dbc.h2.codecs.DefaultCodecs.createCodecs,io.r2dbc.h2.H2ConnectionFactory.getConnectionInfo,io.r2dbc.h2.H2ConnectionFactoryInMemoryTest.runCommand,io.r2dbc.h2.H2ConnectionFactory.getSessionClient,io.r2dbc.h2.codecs.DefaultCodecs.isPresent,io.r2dbc.h2.client.SessionClient.query,io.r2dbc.h2.H2Result.toResult",",io.r2dbc.h2.H2ConnectionFactoryInMemoryTest.runCommand,io.r2dbc.h2.H2ConnectionFactory.inMemory"
r2dbc-h2,io.r2dbc.h2.H2ConnectionFactoryInMemoryTest.shouldCreateInMemoryDatabase,8,5,",io.r2dbc.h2.client.SessionClient.createCommand,io.r2dbc.h2.codecs.DefaultCodecs.addOptionalCodecs,io.r2dbc.h2.H2ConnectionFactory.inMemory,io.r2dbc.h2.util.Assert.requireNonNull,io.r2dbc.h2.codecs.DefaultCodecs.createCodecs,io.r2dbc.h2.H2ConnectionFactory.getConnectionInfo,io.r2dbc.h2.H2ConnectionFactory.getSessionClient,io.r2dbc.h2.codecs.DefaultCodecs.isPresent,io.r2dbc.h2.client.SessionClient.query",",io.r2dbc.h2.client.SessionClient.createCommand,io.r2dbc.h2.H2ConnectionFactory.inMemory,io.r2dbc.h2.codecs.DefaultCodecs.createCodecs,io.r2dbc.h2.H2ConnectionFactory.getSessionClient,io.r2dbc.h2.client.SessionClient.query"
r2dbc-h2,io.r2dbc.h2.H2ConnectionFactoryMetadataTest.name,0,0,,
r2dbc-h2,io.r2dbc.h2.H2ConnectionFactoryProviderTest.doesNotSupport,2,1,",io.r2dbc.h2.H2ConnectionFactoryProvider.supports,io.r2dbc.h2.util.Assert.requireNonNull",",io.r2dbc.h2.H2ConnectionFactoryProvider.supports"
r2dbc-h2,io.r2dbc.h2.H2ConnectionFactoryProviderTest.doesNotSupportWithWrongDriver,1,1,",io.r2dbc.h2.H2ConnectionFactoryProvider.supports",",io.r2dbc.h2.H2ConnectionFactoryProvider.supports"
r2dbc-h2,io.r2dbc.h2.H2ConnectionFactoryProviderTest.doesNotSupportWithoutDriver,0,0,,
r2dbc-h2,io.r2dbc.h2.H2ConnectionFactoryProviderTest.returnsDriverIdentifier,0,0,,
r2dbc-h2,io.r2dbc.h2.H2ConnectionFactoryProviderTest.supportsKnownOptions,6,4,",io.r2dbc.h2.H2DatabaseExceptionFactory.convert,io.r2dbc.h2.H2ConnectionConfiguration.builder,io.r2dbc.h2.H2ConnectionFactory.getConnectionInfo,io.r2dbc.h2.H2ConnectionFactoryProvider.create,io.r2dbc.h2.H2ConnectionFactory.getSessionClient,io.r2dbc.h2.H2ConnectionFactory.create,io.r2dbc.h2.H2ConnectionFactoryProvider.supports",",io.r2dbc.h2.H2ConnectionFactoryProvider.create,io.r2dbc.h2.H2ConnectionFactory.getSessionClient,io.r2dbc.h2.H2ConnectionFactory.create,io.r2dbc.h2.H2ConnectionFactoryProvider.supports"
r2dbc-h2,io.r2dbc.h2.H2ConnectionFactoryProviderTest.supportsWithProtocolAndDatabase,1,1,",io.r2dbc.h2.H2ConnectionFactoryProvider.supports",",io.r2dbc.h2.H2ConnectionFactoryProvider.supports"
r2dbc-h2,io.r2dbc.h2.H2ConnectionFactoryProviderTest.supportsWithUrl,1,1,",io.r2dbc.h2.H2ConnectionFactoryProvider.supports",",io.r2dbc.h2.H2ConnectionFactoryProvider.supports"
r2dbc-h2,io.r2dbc.h2.H2ConnectionFactoryTest.constructorNoClientFactory,1,1,",io.r2dbc.h2.util.Assert.requireNonNull",",io.r2dbc.h2.util.Assert.requireNonNull"
r2dbc-h2,io.r2dbc.h2.H2ConnectionFactoryTest.create,8,5,",io.r2dbc.h2.client.SessionClient.createCommand,io.r2dbc.h2.H2ConnectionConfiguration.getUsername,io.r2dbc.h2.codecs.DefaultCodecs.addOptionalCodecs,io.r2dbc.h2.codecs.DefaultCodecs.createCodecs,io.r2dbc.h2.H2ConnectionConfiguration.builder,io.r2dbc.h2.H2ConnectionFactory.getConnectionInfo,io.r2dbc.h2.H2ConnectionFactory.getSessionClient,io.r2dbc.h2.codecs.DefaultCodecs.isPresent,io.r2dbc.h2.H2ConnectionFactory.create,io.r2dbc.h2.client.SessionClient.query",",io.r2dbc.h2.client.SessionClient.createCommand,io.r2dbc.h2.H2ConnectionConfiguration.builder,io.r2dbc.h2.codecs.DefaultCodecs.createCodecs,io.r2dbc.h2.H2ConnectionFactory.getSessionClient,io.r2dbc.h2.H2ConnectionFactory.create,io.r2dbc.h2.client.SessionClient.query"
r2dbc-h2,io.r2dbc.h2.H2ConnectionFactoryTest.createFileBasedDatabase,0,0,,
r2dbc-h2,io.r2dbc.h2.H2ConnectionFactoryTest.createInMemoryDatabase,7,4,",io.r2dbc.h2.client.SessionClient.createCommand,io.r2dbc.h2.codecs.DefaultCodecs.addOptionalCodecs,io.r2dbc.h2.codecs.DefaultCodecs.createCodecs,io.r2dbc.h2.H2ConnectionFactory.getConnectionInfo,io.r2dbc.h2.H2ConnectionFactory.getSessionClient,io.r2dbc.h2.codecs.DefaultCodecs.isPresent,io.r2dbc.h2.client.SessionClient.query",",io.r2dbc.h2.client.SessionClient.createCommand,io.r2dbc.h2.codecs.DefaultCodecs.createCodecs,io.r2dbc.h2.H2ConnectionFactory.getSessionClient,io.r2dbc.h2.client.SessionClient.query"
r2dbc-h2,io.r2dbc.h2.H2ConnectionFactoryTest.getMetadata,1,1,",io.r2dbc.h2.H2ConnectionFactory.getMetadata,io.r2dbc.h2.H2ConnectionConfiguration.builder",",io.r2dbc.h2.H2ConnectionFactory.getMetadata,io.r2dbc.h2.H2ConnectionConfiguration.builder"
r2dbc-h2,io.r2dbc.h2.H2ConnectionFactoryTest.individualOptions,0,0,,
r2dbc-h2,io.r2dbc.h2.H2ConnectionFactoryTest.individualOptionsAsEnum,0,0,,
r2dbc-h2,io.r2dbc.h2.H2ConnectionFactoryTest.invalidOptions,2,2,",io.r2dbc.h2.H2ConnectionConfiguration.builder,io.r2dbc.h2.util.Assert.requireNonNull",",io.r2dbc.h2.H2ConnectionConfiguration.builder,io.r2dbc.h2.util.Assert.requireNonNull"
r2dbc-h2,io.r2dbc.h2.H2ConnectionFactoryTest.options,0,0,,
r2dbc-h2,io.r2dbc.h2.H2ConnectionIntegrationTest.getMetadata,5,4,",io.r2dbc.h2.client.SessionClient.createCommand,io.r2dbc.h2.codecs.DefaultCodecs.addOptionalCodecs,io.r2dbc.h2.client.SessionClient.prepareCommand,io.r2dbc.h2.H2Connection.getMetadata,io.r2dbc.h2.codecs.DefaultCodecs.createCodecs,io.r2dbc.h2.codecs.DefaultCodecs.isPresent,io.r2dbc.h2.client.SessionClient.query",",io.r2dbc.h2.client.SessionClient.createCommand,io.r2dbc.h2.client.SessionClient.prepareCommand,io.r2dbc.h2.H2Connection.getMetadata,io.r2dbc.h2.codecs.DefaultCodecs.createCodecs,io.r2dbc.h2.client.SessionClient.query"
r2dbc-h2,io.r2dbc.h2.H2ConnectionTest.beginTransaction,2,2,",io.r2dbc.h2.codecs.MockCodecs.empty,io.r2dbc.h2.H2Connection.beginTransaction",",io.r2dbc.h2.codecs.MockCodecs.empty,io.r2dbc.h2.H2Connection.beginTransaction"
r2dbc-h2,io.r2dbc.h2.H2ConnectionTest.beginTransactionErrorResponse,0,0,,
r2dbc-h2,io.r2dbc.h2.H2ConnectionTest.beginTransactionInTransaction,0,0,,
r2dbc-h2,io.r2dbc.h2.H2ConnectionTest.close,1,1,",io.r2dbc.h2.H2Connection.close",",io.r2dbc.h2.H2Connection.close"
r2dbc-h2,io.r2dbc.h2.H2ConnectionTest.commitTransaction,2,2,",io.r2dbc.h2.codecs.MockCodecs.empty,io.r2dbc.h2.H2Connection.commitTransaction",",io.r2dbc.h2.codecs.MockCodecs.empty,io.r2dbc.h2.H2Connection.commitTransaction"
r2dbc-h2,io.r2dbc.h2.H2ConnectionTest.commitTransactionErrorResponse,0,0,,
r2dbc-h2,io.r2dbc.h2.H2ConnectionTest.commitTransactionNonOpen,2,2,",io.r2dbc.h2.codecs.MockCodecs.empty,io.r2dbc.h2.H2Connection.commitTransaction",",io.r2dbc.h2.codecs.MockCodecs.empty,io.r2dbc.h2.H2Connection.commitTransaction"
r2dbc-h2,io.r2dbc.h2.H2ConnectionTest.constructorNoClient,3,2,",io.r2dbc.h2.codecs.MockCodecs.empty,io.r2dbc.h2.util.Assert.requireNonNull,io.r2dbc.h2.codecs.MockCodecs.builder",",io.r2dbc.h2.codecs.MockCodecs.empty,io.r2dbc.h2.util.Assert.requireNonNull"
r2dbc-h2,io.r2dbc.h2.H2ConnectionTest.constructorNoCodecs,1,1,",io.r2dbc.h2.util.Assert.requireNonNull",",io.r2dbc.h2.util.Assert.requireNonNull"
r2dbc-h2,io.r2dbc.h2.H2ConnectionTest.createBatch,3,2,",io.r2dbc.h2.codecs.MockCodecs.empty,io.r2dbc.h2.H2Connection.createBatch,io.r2dbc.h2.codecs.MockCodecs.builder",",io.r2dbc.h2.H2Connection.createBatch,io.r2dbc.h2.codecs.MockCodecs.empty"
r2dbc-h2,io.r2dbc.h2.H2ConnectionTest.createSavepoint,3,2,",io.r2dbc.h2.util.Assert.requireNonNull,io.r2dbc.h2.H2Connection.beginTransaction,io.r2dbc.h2.H2Connection.createSavepoint,io.r2dbc.h2.codecs.MockCodecs.empty",",io.r2dbc.h2.codecs.MockCodecs.empty,io.r2dbc.h2.util.Assert.requireNonNull,io.r2dbc.h2.H2Connection.createSavepoint"
r2dbc-h2,io.r2dbc.h2.H2ConnectionTest.createSavepointErrorResponse,0,0,,
r2dbc-h2,io.r2dbc.h2.H2ConnectionTest.createSavepointNoName,2,1,",io.r2dbc.h2.util.Assert.requireNonNull,io.r2dbc.h2.H2Connection.createSavepoint",",io.r2dbc.h2.H2Connection.createSavepoint"
r2dbc-h2,io.r2dbc.h2.H2ConnectionTest.createSavepointNonOpen,0,0,,
r2dbc-h2,io.r2dbc.h2.H2ConnectionTest.createStatement,1,1,",io.r2dbc.h2.codecs.MockCodecs.empty",",io.r2dbc.h2.codecs.MockCodecs.empty"
r2dbc-h2,io.r2dbc.h2.H2ConnectionTest.getConnectionMetadata,1,1,",io.r2dbc.h2.H2ConnectionMetadata.getDatabaseProductName,io.r2dbc.h2.H2Connection.getMetadata",",io.r2dbc.h2.H2ConnectionMetadata.getDatabaseProductName,io.r2dbc.h2.H2Connection.getMetadata"
r2dbc-h2,io.r2dbc.h2.H2ConnectionTest.releaseSavepoint,4,2,",io.r2dbc.h2.util.Assert.requireNonNull,io.r2dbc.h2.codecs.MockCodecs.builder,io.r2dbc.h2.codecs.MockCodecs.empty,io.r2dbc.h2.H2Connection.releaseSavepoint",",io.r2dbc.h2.H2Connection.releaseSavepoint,io.r2dbc.h2.codecs.MockCodecs.empty"
r2dbc-h2,io.r2dbc.h2.H2ConnectionTest.releaseSavepointErrorResponse,0,0,,
r2dbc-h2,io.r2dbc.h2.H2ConnectionTest.releaseSavepointNoName,0,0,,
r2dbc-h2,io.r2dbc.h2.H2ConnectionTest.releaseSavepointNonOpen,0,0,,
r2dbc-h2,io.r2dbc.h2.H2ConnectionTest.rollbackTransaction,1,1,",io.r2dbc.h2.H2Connection.rollbackTransaction",",io.r2dbc.h2.H2Connection.rollbackTransaction"
r2dbc-h2,io.r2dbc.h2.H2ConnectionTest.rollbackTransactionErrorResponse,0,0,,
r2dbc-h2,io.r2dbc.h2.H2ConnectionTest.rollbackTransactionNonOpen,3,2,",io.r2dbc.h2.H2Connection.rollbackTransaction,io.r2dbc.h2.codecs.MockCodecs.empty,io.r2dbc.h2.util.Assert.requireNonNull",",io.r2dbc.h2.H2Connection.rollbackTransaction,io.r2dbc.h2.codecs.MockCodecs.empty"
r2dbc-h2,io.r2dbc.h2.H2ConnectionTest.rollbackTransactionToSavepoint,2,2,",io.r2dbc.h2.H2Connection.rollbackTransactionToSavepoint,io.r2dbc.h2.codecs.MockCodecs.empty,io.r2dbc.h2.util.Assert.requireNonNull",",io.r2dbc.h2.H2Connection.rollbackTransactionToSavepoint,io.r2dbc.h2.codecs.MockCodecs.empty"
r2dbc-h2,io.r2dbc.h2.H2ConnectionTest.rollbackTransactionToSavepointErrorResponse,0,0,,
r2dbc-h2,io.r2dbc.h2.H2ConnectionTest.rollbackTransactionToSavepointNoName,0,0,,
r2dbc-h2,io.r2dbc.h2.H2ConnectionTest.rollbackTransactionToSavepointNonOpen,0,0,,
r2dbc-h2,io.r2dbc.h2.H2ConnectionTest.setTransactionIsolationLevel,3,2,",io.r2dbc.h2.codecs.MockCodecs.builder,io.r2dbc.h2.util.Assert.requireNonNull,io.r2dbc.h2.H2Connection.setTransactionIsolationLevel,io.r2dbc.h2.codecs.MockCodecs.empty",",io.r2dbc.h2.codecs.MockCodecs.empty,io.r2dbc.h2.H2Connection.setTransactionIsolationLevel"
r2dbc-h2,io.r2dbc.h2.H2ConnectionTest.setTransactionIsolationLevelErrorResponse,0,0,,
r2dbc-h2,io.r2dbc.h2.H2ConnectionTest.setTransactionIsolationLevelNoIsolationLevel,0,0,,
r2dbc-h2,io.r2dbc.h2.H2ConnectionTest.setTransactionIsolationLevelReadUncommitted,2,2,",io.r2dbc.h2.codecs.MockCodecs.empty,io.r2dbc.h2.H2Connection.setTransactionIsolationLevel",",io.r2dbc.h2.codecs.MockCodecs.empty,io.r2dbc.h2.H2Connection.setTransactionIsolationLevel"
r2dbc-h2,io.r2dbc.h2.H2ConnectionTest.setTransactionIsolationLevelRepeatableRead,0,0,,
r2dbc-h2,io.r2dbc.h2.H2ConnectionTest.setTransactionIsolationLevelSerializable,0,0,,
r2dbc-h2,io.r2dbc.h2.H2LobIntegrationTest.testBigBlob,22,12,",io.r2dbc.h2.codecs.ValueLobBlob.stream,io.r2dbc.h2.codecs.BlobCodec.doEncode,io.r2dbc.h2.client.SessionClient.update,io.r2dbc.h2.util.Assert.requireNonNull,io.r2dbc.h2.H2Connection.createStatement,io.r2dbc.h2.H2Row.toRow,io.r2dbc.h2.H2RowMetadata.toRowMetadata,io.r2dbc.h2.H2Row.getColumns,io.r2dbc.h2.H2Result.toResult,io.r2dbc.h2.client.SessionClient.query,io.r2dbc.h2.client.SessionClient.prepareCommand,io.r2dbc.h2.codecs.AbstractCodec.canEncode,io.r2dbc.h2.H2Result.map,io.r2dbc.h2.H2Statement.bind,io.r2dbc.h2.codecs.AbstractCodec.encode,io.r2dbc.h2.codecs.ByteBufferInputStream.close,io.r2dbc.h2.client.SessionClient.createCommand,io.r2dbc.h2.H2LobIntegrationTest.createTable,io.r2dbc.h2.H2Row.get,io.r2dbc.h2.H2RowMetadata.getColumnMetadatas,io.r2dbc.h2.codecs.DefaultCodecs.encode,io.r2dbc.h2.H2Statement.addIndex,io.r2dbc.h2.codecs.ByteBufferInputStream.read,io.r2dbc.h2.H2ColumnMetadata.toColumnMetadata,io.r2dbc.h2.codecs.AbstractCodec.decode,io.r2dbc.h2.codecs.DefaultCodecs.decode,io.r2dbc.h2.H2Statement.execute,io.r2dbc.h2.H2Row.getNameKeyedColumns,io.r2dbc.h2.codecs.BlobCodec.doDecode",",io.r2dbc.h2.codecs.ValueLobBlob.stream,io.r2dbc.h2.client.SessionClient.createCommand,io.r2dbc.h2.client.SessionClient.update,io.r2dbc.h2.client.SessionClient.prepareCommand,io.r2dbc.h2.H2Connection.createStatement,io.r2dbc.h2.H2LobIntegrationTest.createTable,io.r2dbc.h2.H2Statement.execute,io.r2dbc.h2.H2Result.map,io.r2dbc.h2.H2Row.toRow,io.r2dbc.h2.H2Statement.bind,io.r2dbc.h2.H2Row.get,io.r2dbc.h2.H2Result.toResult,io.r2dbc.h2.client.SessionClient.query"
r2dbc-h2,io.r2dbc.h2.H2LobIntegrationTest.testBigClob,21,12,",io.r2dbc.h2.client.SessionClient.update,io.r2dbc.h2.util.Assert.requireNonNull,io.r2dbc.h2.H2Connection.createStatement,io.r2dbc.h2.H2Row.toRow,io.r2dbc.h2.codecs.ValueLobClob.stream,io.r2dbc.h2.H2RowMetadata.toRowMetadata,io.r2dbc.h2.codecs.ClobCodec.doEncode,io.r2dbc.h2.H2Result.toResult,io.r2dbc.h2.client.SessionClient.query,io.r2dbc.h2.client.SessionClient.prepareCommand,io.r2dbc.h2.H2Result.map,io.r2dbc.h2.H2Statement.bind,io.r2dbc.h2.H2Row.getColumn,io.r2dbc.h2.codecs.AbstractCodec.encode,io.r2dbc.h2.codecs.AbstractCodec.canDecode,io.r2dbc.h2.client.SessionClient.createCommand,io.r2dbc.h2.H2LobIntegrationTest.createTable,io.r2dbc.h2.H2Row.get,io.r2dbc.h2.H2RowMetadata.getColumnMetadatas,io.r2dbc.h2.codecs.DefaultCodecs.encode,io.r2dbc.h2.H2Statement.addIndex,io.r2dbc.h2.H2ColumnMetadata.toColumnMetadata,io.r2dbc.h2.H2ColumnMetadata.toNullability,io.r2dbc.h2.codecs.DefaultCodecs.decode,io.r2dbc.h2.H2Statement.execute,io.r2dbc.h2.H2Row.getNameKeyedColumns",",io.r2dbc.h2.client.SessionClient.createCommand,io.r2dbc.h2.client.SessionClient.update,io.r2dbc.h2.H2LobIntegrationTest.createTable,io.r2dbc.h2.H2Connection.createStatement,io.r2dbc.h2.H2Statement.execute,io.r2dbc.h2.H2Row.get,io.r2dbc.h2.codecs.ValueLobClob.stream,io.r2dbc.h2.H2Statement.bind,io.r2dbc.h2.H2Result.map,io.r2dbc.h2.H2Row.toRow,io.r2dbc.h2.H2Result.toResult,io.r2dbc.h2.client.SessionClient.query"
r2dbc-h2,io.r2dbc.h2.H2LobIntegrationTest.testNullBlob,18,10,",io.r2dbc.h2.client.SessionClient.update,io.r2dbc.h2.H2DatabaseExceptionFactory.convert,io.r2dbc.h2.H2Connection.createStatement,io.r2dbc.h2.H2Row.toRow,io.r2dbc.h2.H2RowMetadata.toRowMetadata,io.r2dbc.h2.H2Row.getColumns,io.r2dbc.h2.H2Result.toResult,io.r2dbc.h2.client.Binding.add,io.r2dbc.h2.H2Statement.bindNull,io.r2dbc.h2.client.SessionClient.query,io.r2dbc.h2.client.SessionClient.prepareCommand,io.r2dbc.h2.H2Result.map,io.r2dbc.h2.ColumnSource.getNameKeyedColumns,io.r2dbc.h2.client.SessionClient.createCommand,io.r2dbc.h2.H2LobIntegrationTest.createTable,io.r2dbc.h2.H2Row.get,io.r2dbc.h2.H2RowMetadata.getColumnMetadatas,io.r2dbc.h2.codecs.AbstractCodec.canEncodeNull,io.r2dbc.h2.codecs.AbstractCodec.decode,io.r2dbc.h2.H2ColumnMetadata.toColumnMetadata,io.r2dbc.h2.codecs.DefaultCodecs.encodeNull,io.r2dbc.h2.codecs.DefaultCodecs.decode,io.r2dbc.h2.H2Statement.execute,io.r2dbc.h2.H2Row.getNameKeyedColumns",",io.r2dbc.h2.client.SessionClient.createCommand,io.r2dbc.h2.client.SessionClient.update,io.r2dbc.h2.client.SessionClient.prepareCommand,io.r2dbc.h2.H2LobIntegrationTest.createTable,io.r2dbc.h2.H2Statement.execute,io.r2dbc.h2.H2Row.toRow,io.r2dbc.h2.H2Row.get,io.r2dbc.h2.H2Result.map,io.r2dbc.h2.H2Result.toResult,io.r2dbc.h2.H2Statement.bindNull,io.r2dbc.h2.client.SessionClient.query"
r2dbc-h2,io.r2dbc.h2.H2LobIntegrationTest.testNullClob,13,11,",io.r2dbc.h2.client.SessionClient.update,io.r2dbc.h2.util.Assert.requireNonNull,io.r2dbc.h2.H2Connection.createStatement,io.r2dbc.h2.H2Row.toRow,io.r2dbc.h2.H2Result.toResult,io.r2dbc.h2.H2Statement.bindNull,io.r2dbc.h2.client.SessionClient.query,io.r2dbc.h2.codecs.AbstractCodec.encodeNull,io.r2dbc.h2.client.SessionClient.prepareCommand,io.r2dbc.h2.H2Result.map,io.r2dbc.h2.H2Row.getColumn,io.r2dbc.h2.codecs.AbstractCodec.canDecode,io.r2dbc.h2.client.SessionClient.createCommand,io.r2dbc.h2.H2LobIntegrationTest.createTable,io.r2dbc.h2.H2Row.get,io.r2dbc.h2.codecs.DefaultCodecs.encodeNull,io.r2dbc.h2.codecs.DefaultCodecs.decode,io.r2dbc.h2.H2Statement.execute",",io.r2dbc.h2.client.SessionClient.createCommand,io.r2dbc.h2.client.SessionClient.update,io.r2dbc.h2.client.SessionClient.prepareCommand,io.r2dbc.h2.H2LobIntegrationTest.createTable,io.r2dbc.h2.H2Connection.createStatement,io.r2dbc.h2.H2Statement.execute,io.r2dbc.h2.H2Result.map,io.r2dbc.h2.H2Row.get,io.r2dbc.h2.H2Row.toRow,io.r2dbc.h2.H2Result.toResult,io.r2dbc.h2.H2Statement.bindNull,io.r2dbc.h2.client.SessionClient.query"
r2dbc-h2,io.r2dbc.h2.H2LobIntegrationTest.testSmallBlob,19,10,",io.r2dbc.h2.codecs.ValueLobBlob.stream,io.r2dbc.h2.codecs.BlobCodec.doEncode,io.r2dbc.h2.client.SessionClient.update,io.r2dbc.h2.H2Row.toRow,io.r2dbc.h2.H2RowMetadata.toRowMetadata,io.r2dbc.h2.H2Row.getColumns,io.r2dbc.h2.H2Result.toResult,io.r2dbc.h2.client.Binding.add,io.r2dbc.h2.client.SessionClient.query,io.r2dbc.h2.codecs.AbstractCodec.canEncode,io.r2dbc.h2.H2Result.map,io.r2dbc.h2.H2Statement.bind,io.r2dbc.h2.H2Row.getColumn,io.r2dbc.h2.codecs.AbstractCodec.encode,io.r2dbc.h2.client.SessionClient.createCommand,io.r2dbc.h2.H2LobIntegrationTest.createTable,io.r2dbc.h2.CommandUtil.clearForReuse,io.r2dbc.h2.H2Row.get,io.r2dbc.h2.codecs.DefaultCodecs.encode,io.r2dbc.h2.H2Statement.addIndex,io.r2dbc.h2.codecs.ByteBufferInputStream.read,io.r2dbc.h2.codecs.AbstractCodec.decode,io.r2dbc.h2.codecs.DefaultCodecs.decode,io.r2dbc.h2.H2Statement.execute",",io.r2dbc.h2.codecs.ValueLobBlob.stream,io.r2dbc.h2.client.SessionClient.createCommand,io.r2dbc.h2.client.SessionClient.update,io.r2dbc.h2.H2LobIntegrationTest.createTable,io.r2dbc.h2.H2Statement.execute,io.r2dbc.h2.H2Result.map,io.r2dbc.h2.H2Row.get,io.r2dbc.h2.H2Statement.bind,io.r2dbc.h2.H2Row.toRow,io.r2dbc.h2.H2Result.toResult,io.r2dbc.h2.client.SessionClient.query"
r2dbc-h2,io.r2dbc.h2.H2LobIntegrationTest.testSmallClob,23,12,",io.r2dbc.h2.client.SessionClient.update,io.r2dbc.h2.util.Assert.requireNonNull,io.r2dbc.h2.H2Connection.createStatement,io.r2dbc.h2.H2Row.toRow,io.r2dbc.h2.codecs.ValueLobClob.stream,io.r2dbc.h2.H2RowMetadata.toRowMetadata,io.r2dbc.h2.H2Row.getColumns,io.r2dbc.h2.codecs.ClobCodec.doEncode,io.r2dbc.h2.H2Result.toResult,io.r2dbc.h2.client.Binding.add,io.r2dbc.h2.client.SessionClient.query,io.r2dbc.h2.client.SessionClient.prepareCommand,io.r2dbc.h2.codecs.AbstractCodec.canEncode,io.r2dbc.h2.H2Result.map,io.r2dbc.h2.H2Statement.bind,io.r2dbc.h2.codecs.AbstractCodec.encode,io.r2dbc.h2.client.SessionClient.createCommand,io.r2dbc.h2.H2LobIntegrationTest.createTable,io.r2dbc.h2.CommandUtil.clearForReuse,io.r2dbc.h2.H2Row.get,io.r2dbc.h2.H2RowMetadata.getColumnMetadatas,io.r2dbc.h2.codecs.DefaultCodecs.encode,io.r2dbc.h2.H2Statement.addIndex,io.r2dbc.h2.H2ColumnMetadata.toColumnMetadata,io.r2dbc.h2.codecs.AbstractCodec.decode,io.r2dbc.h2.codecs.ClobCodec.doDecode,io.r2dbc.h2.codecs.DefaultCodecs.decode,io.r2dbc.h2.H2Statement.execute",",io.r2dbc.h2.client.SessionClient.createCommand,io.r2dbc.h2.client.SessionClient.update,io.r2dbc.h2.client.SessionClient.prepareCommand,io.r2dbc.h2.H2LobIntegrationTest.createTable,io.r2dbc.h2.CommandUtil.clearForReuse,io.r2dbc.h2.H2Statement.execute,io.r2dbc.h2.H2Row.get,io.r2dbc.h2.codecs.ValueLobClob.stream,io.r2dbc.h2.H2Statement.bind,io.r2dbc.h2.H2Row.toRow,io.r2dbc.h2.H2Result.map,io.r2dbc.h2.H2Result.toResult,io.r2dbc.h2.client.SessionClient.query"
r2dbc-h2,io.r2dbc.h2.H2RemoteAccessTest.tcpByUrlWorks,9,6,",io.r2dbc.h2.client.SessionClient.createCommand,io.r2dbc.h2.codecs.DefaultCodecs.addOptionalCodecs,io.r2dbc.h2.client.SessionClient.prepareCommand,io.r2dbc.h2.codecs.DefaultCodecs.createCodecs,io.r2dbc.h2.H2ConnectionFactory.getConnectionInfo,io.r2dbc.h2.H2ConnectionFactory.getSessionClient,io.r2dbc.h2.codecs.DefaultCodecs.isPresent,io.r2dbc.h2.H2ConnectionFactory.create,io.r2dbc.h2.client.SessionClient.query",",io.r2dbc.h2.client.SessionClient.createCommand,io.r2dbc.h2.client.SessionClient.prepareCommand,io.r2dbc.h2.codecs.DefaultCodecs.createCodecs,io.r2dbc.h2.H2ConnectionFactory.getSessionClient,io.r2dbc.h2.H2ConnectionFactory.create,io.r2dbc.h2.client.SessionClient.query"
r2dbc-h2,io.r2dbc.h2.H2RemoteAccessTest.tcpWithHostnameAndPortWorks,9,6,",io.r2dbc.h2.client.SessionClient.createCommand,io.r2dbc.h2.codecs.DefaultCodecs.addOptionalCodecs,io.r2dbc.h2.client.SessionClient.prepareCommand,io.r2dbc.h2.codecs.DefaultCodecs.createCodecs,io.r2dbc.h2.H2ConnectionFactory.getConnectionInfo,io.r2dbc.h2.H2ConnectionFactory.getSessionClient,io.r2dbc.h2.codecs.DefaultCodecs.isPresent,io.r2dbc.h2.H2ConnectionFactory.create,io.r2dbc.h2.client.SessionClient.query",",io.r2dbc.h2.client.SessionClient.createCommand,io.r2dbc.h2.client.SessionClient.prepareCommand,io.r2dbc.h2.codecs.DefaultCodecs.createCodecs,io.r2dbc.h2.H2ConnectionFactory.getSessionClient,io.r2dbc.h2.H2ConnectionFactory.create,io.r2dbc.h2.client.SessionClient.query"
r2dbc-h2,io.r2dbc.h2.H2RemoteAccessTest.tcpWithHostnameButNoPortWorks,9,6,",io.r2dbc.h2.client.SessionClient.createCommand,io.r2dbc.h2.codecs.DefaultCodecs.addOptionalCodecs,io.r2dbc.h2.client.SessionClient.prepareCommand,io.r2dbc.h2.codecs.DefaultCodecs.createCodecs,io.r2dbc.h2.H2ConnectionConfiguration.builder,io.r2dbc.h2.H2ConnectionFactory.getConnectionInfo,io.r2dbc.h2.H2ConnectionFactory.getSessionClient,io.r2dbc.h2.codecs.DefaultCodecs.isPresent,io.r2dbc.h2.H2ConnectionFactory.create,io.r2dbc.h2.client.SessionClient.query",",io.r2dbc.h2.client.SessionClient.createCommand,io.r2dbc.h2.client.SessionClient.prepareCommand,io.r2dbc.h2.H2ConnectionConfiguration.builder,io.r2dbc.h2.codecs.DefaultCodecs.createCodecs,io.r2dbc.h2.H2ConnectionFactory.getSessionClient,io.r2dbc.h2.H2ConnectionFactory.create,io.r2dbc.h2.client.SessionClient.query"
r2dbc-h2,io.r2dbc.h2.H2ResultTest.constructorNoRowMetadata,1,1,",io.r2dbc.h2.util.Assert.requireNonNull",",io.r2dbc.h2.util.Assert.requireNonNull"
r2dbc-h2,io.r2dbc.h2.H2ResultTest.constructorNoRows,1,1,",io.r2dbc.h2.util.Assert.requireNonNull",",io.r2dbc.h2.util.Assert.requireNonNull"
r2dbc-h2,io.r2dbc.h2.H2ResultTest.constructorNoRowsUpdated,1,1,",io.r2dbc.h2.util.Assert.requireNonNull",",io.r2dbc.h2.util.Assert.requireNonNull"
r2dbc-h2,io.r2dbc.h2.H2ResultTest.toResultErrorResponse,4,2,",io.r2dbc.h2.H2DatabaseExceptionFactory.convert,io.r2dbc.h2.H2RowMetadata.getColumnMetadatas,io.r2dbc.h2.H2RowMetadata.toRowMetadata,io.r2dbc.h2.H2Result.toResult",",io.r2dbc.h2.H2Result.toResult,io.r2dbc.h2.H2DatabaseExceptionFactory.convert"
r2dbc-h2,io.r2dbc.h2.H2ResultTest.toResultNoCodecs,2,1,",io.r2dbc.h2.H2Result.toResult,io.r2dbc.h2.util.Assert.requireNonNull",",io.r2dbc.h2.H2Result.toResult"
r2dbc-h2,io.r2dbc.h2.H2ResultTest.toResultNoResult,3,2,",io.r2dbc.h2.H2Result.toResult,io.r2dbc.h2.codecs.MockCodecs.empty,io.r2dbc.h2.util.Assert.requireNonNull",",io.r2dbc.h2.H2Result.toResult,io.r2dbc.h2.codecs.MockCodecs.empty"
r2dbc-h2,io.r2dbc.h2.H2ResultTest.toResultRowDescription,7,3,",io.r2dbc.h2.H2RowMetadata.getColumnMetadatas,io.r2dbc.h2.H2Row.toRow,io.r2dbc.h2.H2Result.map,io.r2dbc.h2.H2Row.getNameKeyedColumns,io.r2dbc.h2.H2RowMetadata.toRowMetadata,io.r2dbc.h2.H2Row.getColumns,io.r2dbc.h2.H2Result.toResult",",io.r2dbc.h2.H2Result.toResult,io.r2dbc.h2.H2Result.map,io.r2dbc.h2.H2Row.toRow"
r2dbc-h2,io.r2dbc.h2.H2RowMetadataTest.constructorNoColumnMetadata,1,1,",io.r2dbc.h2.util.Assert.requireNonNull",",io.r2dbc.h2.util.Assert.requireNonNull"
r2dbc-h2,io.r2dbc.h2.H2RowMetadataTest.getColumnMetadataIndex,1,1,",io.r2dbc.h2.H2ColumnMetadata.equals",",io.r2dbc.h2.H2ColumnMetadata.equals"
r2dbc-h2,io.r2dbc.h2.H2RowMetadataTest.getColumnMetadataInvalidIndex,3,2,",io.r2dbc.h2.ColumnSource.getColumn,io.r2dbc.h2.H2RowMetadata.getColumnMetadata,io.r2dbc.h2.ColumnSource.getNameKeyedColumns",",io.r2dbc.h2.H2RowMetadata.getColumnMetadata,io.r2dbc.h2.ColumnSource.getNameKeyedColumns"
r2dbc-h2,io.r2dbc.h2.H2RowMetadataTest.getColumnMetadataInvalidName,4,2,",io.r2dbc.h2.ColumnSource.getColumn,io.r2dbc.h2.H2RowMetadata.getColumnMetadata,io.r2dbc.h2.ColumnSource.getColumnName,io.r2dbc.h2.ColumnSource.getNameKeyedColumns,io.r2dbc.h2.ColumnSource.findColumn",",io.r2dbc.h2.H2RowMetadata.getColumnMetadata,io.r2dbc.h2.ColumnSource.getNameKeyedColumns"
r2dbc-h2,io.r2dbc.h2.H2RowMetadataTest.getColumnMetadataName,0,0,,
r2dbc-h2,io.r2dbc.h2.H2RowMetadataTest.getColumnMetadataNoIdentifier,3,2,",io.r2dbc.h2.ColumnSource.getColumn,io.r2dbc.h2.H2RowMetadata.getColumnMetadata,io.r2dbc.h2.util.Assert.requireNonNull,io.r2dbc.h2.ColumnSource.getNameKeyedColumns",",io.r2dbc.h2.H2RowMetadata.getColumnMetadata,io.r2dbc.h2.ColumnSource.getNameKeyedColumns"
r2dbc-h2,io.r2dbc.h2.H2RowMetadataTest.getColumnMetadatas,0,0,,
r2dbc-h2,io.r2dbc.h2.H2RowMetadataTest.toRowMetadata,3,1,",io.r2dbc.h2.H2RowMetadata.toRowMetadata,io.r2dbc.h2.H2ColumnMetadata.toColumnMetadata,io.r2dbc.h2.H2RowMetadata.getColumnMetadatas",",io.r2dbc.h2.H2RowMetadata.toRowMetadata"
r2dbc-h2,io.r2dbc.h2.H2RowMetadataTest.toRowMetadataNoCodecs,2,1,",io.r2dbc.h2.H2RowMetadata.toRowMetadata,io.r2dbc.h2.util.Assert.requireNonNull",",io.r2dbc.h2.H2RowMetadata.toRowMetadata"
r2dbc-h2,io.r2dbc.h2.H2RowMetadataTest.toRowMetadataNoResult,3,2,",io.r2dbc.h2.util.Assert.requireNonNull,io.r2dbc.h2.codecs.MockCodecs.builder,io.r2dbc.h2.H2RowMetadata.toRowMetadata,io.r2dbc.h2.codecs.MockCodecs.empty",",io.r2dbc.h2.H2RowMetadata.toRowMetadata,io.r2dbc.h2.codecs.MockCodecs.empty"
r2dbc-h2,io.r2dbc.h2.H2RowTest.selectWithAliases,27,13,",io.r2dbc.h2.codecs.DefaultCodecs.addOptionalCodecs,io.r2dbc.h2.util.Assert.requireNonNull,io.r2dbc.h2.H2Connection.createStatement,io.r2dbc.h2.H2Row.toRow,io.r2dbc.h2.H2RowMetadata.toRowMetadata,io.r2dbc.h2.H2Row.getColumns,io.r2dbc.h2.codecs.DefaultCodecs.createCodecs,io.r2dbc.h2.client.SessionClient.close,io.r2dbc.h2.H2ConnectionFactory.getSessionClient,io.r2dbc.h2.H2Result.toResult,io.r2dbc.h2.client.SessionClient.query,io.r2dbc.h2.client.SessionClient.prepareCommand,io.r2dbc.h2.H2Result.map,io.r2dbc.h2.H2Row.getColumn,io.r2dbc.h2.codecs.IntegerCodec.doDecode,io.r2dbc.h2.H2Connection.close,io.r2dbc.h2.ColumnSource.getNameKeyedColumns,io.r2dbc.h2.client.SessionClient.createCommand,io.r2dbc.h2.H2ConnectionConfiguration.getUsername,io.r2dbc.h2.CommandUtil.clearForReuse,io.r2dbc.h2.H2Row.get,io.r2dbc.h2.H2RowMetadata.getColumnMetadatas,io.r2dbc.h2.H2ConnectionConfiguration.getProperties,io.r2dbc.h2.H2ConnectionFactory.create,io.r2dbc.h2.H2ColumnMetadata.toColumnMetadata,io.r2dbc.h2.codecs.AbstractCodec.decode,io.r2dbc.h2.H2ColumnMetadata.toNullability,io.r2dbc.h2.codecs.DefaultCodecs.decode,io.r2dbc.h2.H2Statement.execute,io.r2dbc.h2.H2Row.getNameKeyedColumns,io.r2dbc.h2.H2ConnectionFactory.getConnectionInfo,io.r2dbc.h2.codecs.DefaultCodecs.isPresent",",io.r2dbc.h2.client.SessionClient.createCommand,io.r2dbc.h2.client.SessionClient.prepareCommand,io.r2dbc.h2.H2Connection.createStatement,io.r2dbc.h2.CommandUtil.clearForReuse,io.r2dbc.h2.H2Statement.execute,io.r2dbc.h2.H2Row.toRow,io.r2dbc.h2.H2Result.map,io.r2dbc.h2.H2Row.get,io.r2dbc.h2.H2Connection.close,io.r2dbc.h2.codecs.DefaultCodecs.createCodecs,io.r2dbc.h2.H2ConnectionFactory.getSessionClient,io.r2dbc.h2.H2ConnectionFactory.create,io.r2dbc.h2.client.SessionClient.query,io.r2dbc.h2.H2Result.toResult"
r2dbc-h2,io.r2dbc.h2.H2RowTest.selectWithoutAliases,17,9,",io.r2dbc.h2.codecs.DefaultCodecs.addOptionalCodecs,io.r2dbc.h2.util.Assert.requireNonNull,io.r2dbc.h2.H2Row.toRow,io.r2dbc.h2.H2RowMetadata.toRowMetadata,io.r2dbc.h2.codecs.DefaultCodecs.createCodecs,io.r2dbc.h2.client.SessionClient.close,io.r2dbc.h2.H2ConnectionFactory.getSessionClient,io.r2dbc.h2.H2Result.toResult,io.r2dbc.h2.client.SessionClient.query,io.r2dbc.h2.client.SessionClient.prepareCommand,io.r2dbc.h2.H2Result.map,io.r2dbc.h2.H2Row.getColumn,io.r2dbc.h2.codecs.IntegerCodec.doDecode,io.r2dbc.h2.codecs.AbstractCodec.canDecode,io.r2dbc.h2.H2Connection.close,io.r2dbc.h2.client.SessionClient.createCommand,io.r2dbc.h2.H2Row.get,io.r2dbc.h2.H2RowMetadata.getColumnMetadatas,io.r2dbc.h2.H2ColumnMetadata.toColumnMetadata,io.r2dbc.h2.codecs.AbstractCodec.decode,io.r2dbc.h2.codecs.DefaultCodecs.decode,io.r2dbc.h2.H2Statement.execute,io.r2dbc.h2.H2ConnectionFactory.getConnectionInfo,io.r2dbc.h2.codecs.DefaultCodecs.isPresent",",io.r2dbc.h2.client.SessionClient.createCommand,io.r2dbc.h2.client.SessionClient.prepareCommand,io.r2dbc.h2.H2Statement.execute,io.r2dbc.h2.H2Row.toRow,io.r2dbc.h2.H2Result.map,io.r2dbc.h2.H2Row.get,io.r2dbc.h2.H2Connection.close,io.r2dbc.h2.codecs.DefaultCodecs.createCodecs,io.r2dbc.h2.H2ConnectionFactory.getSessionClient,io.r2dbc.h2.client.SessionClient.query,io.r2dbc.h2.H2Result.toResult"
r2dbc-h2,io.r2dbc.h2.H2StatementTest.bind,3,2,",io.r2dbc.h2.client.Binding.equals,io.r2dbc.h2.H2Statement.bind,io.r2dbc.h2.H2Statement.addIndex,io.r2dbc.h2.codecs.MockCodecs.encode",",io.r2dbc.h2.client.Binding.equals,io.r2dbc.h2.H2Statement.bind"
r2dbc-h2,io.r2dbc.h2.H2StatementTest.bindIndex,4,2,",io.r2dbc.h2.util.Assert.requireNonNull,io.r2dbc.h2.client.Binding.equals,io.r2dbc.h2.H2Statement.bind,io.r2dbc.h2.H2Statement.addIndex,io.r2dbc.h2.client.Binding.add",",io.r2dbc.h2.client.Binding.equals,io.r2dbc.h2.H2Statement.bind"
r2dbc-h2,io.r2dbc.h2.H2StatementTest.bindIndexNoValue,0,0,,
r2dbc-h2,io.r2dbc.h2.H2StatementTest.bindNoIdentifier,2,1,",io.r2dbc.h2.util.Assert.requireNonNull,io.r2dbc.h2.H2Statement.bind",",io.r2dbc.h2.H2Statement.bind"
r2dbc-h2,io.r2dbc.h2.H2StatementTest.bindNoValue,3,1,",io.r2dbc.h2.H2Statement.addIndex,io.r2dbc.h2.util.Assert.requireNonNull,io.r2dbc.h2.H2Statement.bind",",io.r2dbc.h2.H2Statement.bind"
r2dbc-h2,io.r2dbc.h2.H2StatementTest.bindNull,2,2,"io.r2dbc.h2.client.Binding.add,,io.r2dbc.h2.client.Binding.equals,io.r2dbc.h2.H2Statement.bindNull",",io.r2dbc.h2.client.Binding.equals,io.r2dbc.h2.H2Statement.bindNull"
r2dbc-h2,io.r2dbc.h2.H2StatementTest.bindNullNoIdentifier,2,1,",io.r2dbc.h2.H2Statement.bindNull,io.r2dbc.h2.util.Assert.requireNonNull",",io.r2dbc.h2.H2Statement.bindNull"
r2dbc-h2,io.r2dbc.h2.H2StatementTest.bindNullWrongIdentifierFormat,0,0,,
r2dbc-h2,io.r2dbc.h2.H2StatementTest.bindWithPositionNumberAsObject,2,1,",io.r2dbc.h2.client.Binding.equals,io.r2dbc.h2.H2Statement.addIndex,io.r2dbc.h2.H2Statement.bind",",io.r2dbc.h2.client.Binding.equals,io.r2dbc.h2.H2Statement.bind"
r2dbc-h2,io.r2dbc.h2.H2StatementTest.bindWithQuestionMark,4,2,",io.r2dbc.h2.client.Binding.equals,io.r2dbc.h2.H2Statement.bind,io.r2dbc.h2.H2Statement.addIndex,io.r2dbc.h2.client.Binding.add",",io.r2dbc.h2.client.Binding.equals,io.r2dbc.h2.H2Statement.bind"
r2dbc-h2,io.r2dbc.h2.H2StatementTest.bindWrongIdentifierFormat,1,1,",io.r2dbc.h2.H2Statement.bind",",io.r2dbc.h2.H2Statement.bind"
r2dbc-h2,io.r2dbc.h2.H2StatementTest.constructorNoClient,1,1,",io.r2dbc.h2.util.Assert.requireNonNull",",io.r2dbc.h2.util.Assert.requireNonNull"
r2dbc-h2,io.r2dbc.h2.H2StatementTest.constructorNoSql,1,1,",io.r2dbc.h2.util.Assert.requireNonNull",",io.r2dbc.h2.util.Assert.requireNonNull"
r2dbc-h2,io.r2dbc.h2.H2StatementTest.execute,9,5,",io.r2dbc.h2.client.Binding.equals,io.r2dbc.h2.H2Statement.execute,io.r2dbc.h2.H2Statement.bind,io.r2dbc.h2.H2Statement.addIndex,io.r2dbc.h2.H2Statement.add,io.r2dbc.h2.H2RowMetadata.toRowMetadata,io.r2dbc.h2.H2Result.toResult,io.r2dbc.h2.client.Binding.add,io.r2dbc.h2.ColumnSource.getNameKeyedColumns,io.r2dbc.h2.codecs.MockCodecs.encode",",io.r2dbc.h2.client.Binding.equals,io.r2dbc.h2.H2Statement.execute,io.r2dbc.h2.H2Statement.bind,io.r2dbc.h2.H2Statement.add,io.r2dbc.h2.H2Result.toResult,io.r2dbc.h2.client.Binding.add"
r2dbc-h2,io.r2dbc.h2.H2StatementTest.executeErrorResponse,11,7,",io.r2dbc.h2.client.SessionClient.createCommand,io.r2dbc.h2.codecs.DefaultCodecs.addOptionalCodecs,io.r2dbc.h2.H2DatabaseExceptionFactory.convert,io.r2dbc.h2.H2Connection.createStatement,io.r2dbc.h2.H2Statement.execute,io.r2dbc.h2.H2ConnectionConfiguration.builder,io.r2dbc.h2.codecs.DefaultCodecs.createCodecs,io.r2dbc.h2.H2ConnectionFactory.getConnectionInfo,io.r2dbc.h2.H2ConnectionFactory.getSessionClient,io.r2dbc.h2.codecs.DefaultCodecs.isPresent,io.r2dbc.h2.H2ConnectionFactory.create,io.r2dbc.h2.client.SessionClient.query",",io.r2dbc.h2.client.SessionClient.createCommand,io.r2dbc.h2.H2Connection.createStatement,io.r2dbc.h2.H2Statement.execute,io.r2dbc.h2.H2ConnectionConfiguration.builder,io.r2dbc.h2.codecs.DefaultCodecs.createCodecs,io.r2dbc.h2.H2ConnectionFactory.getSessionClient,io.r2dbc.h2.H2ConnectionFactory.create,io.r2dbc.h2.client.SessionClient.query"
r2dbc-h2,io.r2dbc.h2.H2StatementTest.executeWithoutAdd,0,0,,
r2dbc-h2,io.r2dbc.h2.H2StatementTest.returnGenerateValuesNoArguments,23,16,",io.r2dbc.h2.client.SessionClient.update,io.r2dbc.h2.util.Assert.requireNonNull,io.r2dbc.h2.H2Row.toRow,io.r2dbc.h2.H2RowMetadata.toRowMetadata,io.r2dbc.h2.H2Row.getColumns,io.r2dbc.h2.codecs.DefaultCodecs.createCodecs,io.r2dbc.h2.client.SessionClient.close,io.r2dbc.h2.H2ConnectionFactory.getSessionClient,io.r2dbc.h2.H2Result.toResult,io.r2dbc.h2.client.SessionClient.query,io.r2dbc.h2.util.H2ServerExtension.beforeAll,io.r2dbc.h2.H2Result.map,io.r2dbc.h2.H2Row.getColumn,io.r2dbc.h2.H2Connection.close,io.r2dbc.h2.H2ConnectionFactoryProvider.create,io.r2dbc.h2.codecs.AbstractCodec.canDecode,io.r2dbc.h2.ColumnSource.getNameKeyedColumns,io.r2dbc.h2.H2Statement.returnGeneratedValues,io.r2dbc.h2.client.SessionClient.createCommand,io.r2dbc.h2.H2Row.get,io.r2dbc.h2.H2RowMetadata.getColumnMetadatas,io.r2dbc.h2.H2ConnectionFactory.create,io.r2dbc.h2.H2ColumnMetadata.toColumnMetadata,io.r2dbc.h2.codecs.AbstractCodec.decode,io.r2dbc.h2.util.H2ServerExtension.afterAll,io.r2dbc.h2.codecs.DefaultCodecs.decode,io.r2dbc.h2.H2Statement.execute,io.r2dbc.h2.H2ConnectionFactory.getConnectionInfo",",io.r2dbc.h2.H2Statement.returnGeneratedValues,io.r2dbc.h2.client.SessionClient.createCommand,io.r2dbc.h2.client.SessionClient.update,io.r2dbc.h2.util.H2ServerExtension.afterAll,io.r2dbc.h2.util.H2ServerExtension.beforeAll,io.r2dbc.h2.H2Statement.execute,io.r2dbc.h2.H2Result.map,io.r2dbc.h2.H2Row.get,io.r2dbc.h2.H2RowMetadata.getColumnMetadatas,io.r2dbc.h2.codecs.DefaultCodecs.createCodecs,io.r2dbc.h2.H2Row.toRow,io.r2dbc.h2.H2Connection.close,io.r2dbc.h2.H2ConnectionFactoryProvider.create,io.r2dbc.h2.H2ConnectionFactory.getSessionClient,io.r2dbc.h2.H2ConnectionFactory.create,io.r2dbc.h2.client.SessionClient.query,io.r2dbc.h2.H2Result.toResult"
r2dbc-h2,io.r2dbc.h2.H2StatementTest.returnGeneratedValues,24,18,",io.r2dbc.h2.client.SessionClient.update,io.r2dbc.h2.codecs.DefaultCodecs.addOptionalCodecs,io.r2dbc.h2.H2Connection.createStatement,io.r2dbc.h2.H2Row.toRow,io.r2dbc.h2.H2RowMetadata.toRowMetadata,io.r2dbc.h2.H2Row.getColumns,io.r2dbc.h2.codecs.DefaultCodecs.createCodecs,io.r2dbc.h2.client.SessionClient.close,io.r2dbc.h2.H2ConnectionFactory.getSessionClient,io.r2dbc.h2.H2Result.toResult,io.r2dbc.h2.client.SessionClient.query,io.r2dbc.h2.client.SessionClient.prepareCommand,io.r2dbc.h2.util.H2ServerExtension.beforeAll,io.r2dbc.h2.H2Result.map,io.r2dbc.h2.H2Row.getColumn,io.r2dbc.h2.codecs.AbstractCodec.canDecode,io.r2dbc.h2.H2ConnectionFactoryProvider.create,io.r2dbc.h2.H2Connection.close,io.r2dbc.h2.H2Statement.returnGeneratedValues,io.r2dbc.h2.client.SessionClient.createCommand,io.r2dbc.h2.H2Row.get,io.r2dbc.h2.H2RowMetadata.getColumnMetadatas,io.r2dbc.h2.H2ConnectionFactory.create,io.r2dbc.h2.H2ColumnMetadata.toColumnMetadata,io.r2dbc.h2.H2ConnectionFactoryProvider.supports,io.r2dbc.h2.util.H2ServerExtension.afterAll,io.r2dbc.h2.codecs.DefaultCodecs.decode,io.r2dbc.h2.H2Statement.execute,io.r2dbc.h2.H2Row.getNameKeyedColumns,io.r2dbc.h2.H2ConnectionConfiguration.builder,io.r2dbc.h2.H2ConnectionFactory.getConnectionInfo,io.r2dbc.h2.codecs.DefaultCodecs.isPresent",",io.r2dbc.h2.client.SessionClient.update,io.r2dbc.h2.H2Connection.createStatement,io.r2dbc.h2.H2Row.toRow,io.r2dbc.h2.codecs.DefaultCodecs.createCodecs,io.r2dbc.h2.H2ConnectionFactory.getSessionClient,io.r2dbc.h2.H2Result.toResult,io.r2dbc.h2.client.SessionClient.query,io.r2dbc.h2.client.SessionClient.prepareCommand,io.r2dbc.h2.util.H2ServerExtension.beforeAll,io.r2dbc.h2.H2Result.map,io.r2dbc.h2.H2Connection.close,io.r2dbc.h2.H2ConnectionFactoryProvider.create,io.r2dbc.h2.H2Statement.returnGeneratedValues,io.r2dbc.h2.client.SessionClient.createCommand,io.r2dbc.h2.H2Row.get,io.r2dbc.h2.H2RowMetadata.getColumnMetadatas,io.r2dbc.h2.H2ConnectionFactory.create,io.r2dbc.h2.H2ConnectionFactoryProvider.supports,io.r2dbc.h2.util.H2ServerExtension.afterAll,io.r2dbc.h2.H2Statement.execute"
r2dbc-h2,io.r2dbc.h2.H2StatementTest.returnGeneratedValuesNotUsed,0,0,,
r2dbc-h2,io.r2dbc.h2.H2StatementTest.returnGeneratedValuesSpecificColumn,0,0,,
r2dbc-h2,io.r2dbc.h2.H2StatementTest.shouldNotAcceptDollarAlone,1,1,",io.r2dbc.h2.H2Statement.bind",",io.r2dbc.h2.H2Statement.bind"
r2dbc-h2,io.r2dbc.h2.H2StatementTest.shouldNotAcceptQuestionMarkAlone,1,1,",io.r2dbc.h2.H2Statement.bind",",io.r2dbc.h2.H2Statement.bind"
r2dbc-h2,io.r2dbc.h2.client.BindingTest.addNoIndex,2,1,",io.r2dbc.h2.client.Binding.add,io.r2dbc.h2.util.Assert.requireNonNull",",io.r2dbc.h2.client.Binding.add"
r2dbc-h2,io.r2dbc.h2.client.BindingTest.addNoValue,2,1,",io.r2dbc.h2.client.Binding.add,io.r2dbc.h2.util.Assert.requireNonNull",",io.r2dbc.h2.client.Binding.add"
r2dbc-h2,io.r2dbc.h2.codecs.AbstractCodecTest.decodeNull,0,0,,
r2dbc-h2,io.r2dbc.h2.codecs.ArrayCodecTest.decode,3,2,",io.r2dbc.h2.codecs.MockCodecs.decode,io.r2dbc.h2.codecs.AbstractCodec.decode,io.r2dbc.h2.codecs.MockCodecs.builder",",io.r2dbc.h2.codecs.AbstractCodec.decode,io.r2dbc.h2.codecs.MockCodecs.builder"
r2dbc-h2,io.r2dbc.h2.codecs.ArrayCodecTest.decodeNull,0,0,,
r2dbc-h2,io.r2dbc.h2.codecs.ArrayCodecTest.doCanDecode,0,0,,
r2dbc-h2,io.r2dbc.h2.codecs.ArrayCodecTest.doEncodeNoValue,2,1,",io.r2dbc.h2.codecs.ArrayCodec.doEncode,io.r2dbc.h2.util.Assert.requireNonNull",",io.r2dbc.h2.codecs.ArrayCodec.doEncode"
r2dbc-h2,io.r2dbc.h2.codecs.ArrayCodecTest.encode,3,2,",io.r2dbc.h2.codecs.MockCodecs.encode,io.r2dbc.h2.codecs.ArrayCodec.doEncode,io.r2dbc.h2.codecs.MockCodecs.builder",",io.r2dbc.h2.codecs.ArrayCodec.doEncode,io.r2dbc.h2.codecs.MockCodecs.builder"
r2dbc-h2,io.r2dbc.h2.codecs.ArrayCodecTest.encodeNull,0,0,,
r2dbc-h2,io.r2dbc.h2.codecs.BigDecimalCodecTest.decode,2,1,",io.r2dbc.h2.codecs.AbstractCodec.decode,io.r2dbc.h2.codecs.BigDecimalCodec.doDecode",",io.r2dbc.h2.codecs.AbstractCodec.decode"
r2dbc-h2,io.r2dbc.h2.codecs.BigDecimalCodecTest.doCanDecode,1,1,",io.r2dbc.h2.codecs.BigDecimalCodec.doCanDecode",",io.r2dbc.h2.codecs.BigDecimalCodec.doCanDecode"
r2dbc-h2,io.r2dbc.h2.codecs.BigDecimalCodecTest.doEncode,2,1,",io.r2dbc.h2.codecs.BigDecimalCodec.doEncode,io.r2dbc.h2.util.Assert.requireNonNull",",io.r2dbc.h2.codecs.BigDecimalCodec.doEncode"
r2dbc-h2,io.r2dbc.h2.codecs.BigDecimalCodecTest.doEncodeNoValue,0,0,,
r2dbc-h2,io.r2dbc.h2.codecs.BigDecimalCodecTest.encodeNull,0,0,,
r2dbc-h2,io.r2dbc.h2.codecs.BlobCodecTest.decode,3,2,",io.r2dbc.h2.codecs.ValueLobBlob.stream,io.r2dbc.h2.codecs.AbstractCodec.decode,io.r2dbc.h2.codecs.BlobCodec.doDecode",",io.r2dbc.h2.codecs.ValueLobBlob.stream,io.r2dbc.h2.codecs.AbstractCodec.decode"
r2dbc-h2,io.r2dbc.h2.codecs.BlobCodecTest.decodeNull,1,1,",io.r2dbc.h2.codecs.BlobCodec.doDecode",",io.r2dbc.h2.codecs.BlobCodec.doDecode"
r2dbc-h2,io.r2dbc.h2.codecs.BlobCodecTest.doCanDecode,1,1,",io.r2dbc.h2.codecs.BlobCodec.doCanDecode",",io.r2dbc.h2.codecs.BlobCodec.doCanDecode"
r2dbc-h2,io.r2dbc.h2.codecs.BlobCodecTest.doEncodeNoValue,2,1,",io.r2dbc.h2.codecs.BlobCodec.doEncode,io.r2dbc.h2.util.Assert.requireNonNull",",io.r2dbc.h2.codecs.BlobCodec.doEncode"
r2dbc-h2,io.r2dbc.h2.codecs.BlobCodecTest.encodeNull,0,0,,
r2dbc-h2,io.r2dbc.h2.codecs.BlobToByteBufferCodecTest.decode,2,1,",io.r2dbc.h2.codecs.BlobToByteBufferCodec.doDecode,io.r2dbc.h2.codecs.AbstractCodec.decode",",io.r2dbc.h2.codecs.AbstractCodec.decode"
r2dbc-h2,io.r2dbc.h2.codecs.BlobToByteBufferCodecTest.decodeNull,0,0,,
r2dbc-h2,io.r2dbc.h2.codecs.BlobToByteBufferCodecTest.doCanDecode,0,0,,
r2dbc-h2,io.r2dbc.h2.codecs.BlobToByteBufferCodecTest.doEncodeNoValue,2,1,",io.r2dbc.h2.codecs.BlobToByteBufferCodec.doEncode,io.r2dbc.h2.util.Assert.requireNonNull",",io.r2dbc.h2.codecs.BlobToByteBufferCodec.doEncode"
r2dbc-h2,io.r2dbc.h2.codecs.BlobToByteBufferCodecTest.encodeNull,0,0,,
r2dbc-h2,io.r2dbc.h2.codecs.BooleanCodecTest.decode,2,1,",io.r2dbc.h2.codecs.BooleanCodec.doDecode,io.r2dbc.h2.codecs.AbstractCodec.decode",",io.r2dbc.h2.codecs.AbstractCodec.decode"
r2dbc-h2,io.r2dbc.h2.codecs.BooleanCodecTest.doCanDecode,0,0,,
r2dbc-h2,io.r2dbc.h2.codecs.BooleanCodecTest.doEncode,1,1,",io.r2dbc.h2.codecs.BooleanCodec.doEncode",",io.r2dbc.h2.codecs.BooleanCodec.doEncode"
r2dbc-h2,io.r2dbc.h2.codecs.BooleanCodecTest.doEncodeNoValue,2,1,",io.r2dbc.h2.codecs.BooleanCodec.doEncode,io.r2dbc.h2.util.Assert.requireNonNull",",io.r2dbc.h2.codecs.BooleanCodec.doEncode"
r2dbc-h2,io.r2dbc.h2.codecs.BooleanCodecTest.encodeNull,0,0,,
r2dbc-h2,io.r2dbc.h2.codecs.ByteCodecTest.decode,2,1,",io.r2dbc.h2.codecs.ByteCodec.doDecode,io.r2dbc.h2.codecs.AbstractCodec.decode",",io.r2dbc.h2.codecs.AbstractCodec.decode"
r2dbc-h2,io.r2dbc.h2.codecs.ByteCodecTest.doCanDecode,0,0,,
r2dbc-h2,io.r2dbc.h2.codecs.ByteCodecTest.doEncode,2,1,",io.r2dbc.h2.codecs.ByteCodec.doEncode,io.r2dbc.h2.util.Assert.requireNonNull",",io.r2dbc.h2.codecs.ByteCodec.doEncode"
r2dbc-h2,io.r2dbc.h2.codecs.ByteCodecTest.doEncodeNoValue,0,0,,
r2dbc-h2,io.r2dbc.h2.codecs.ByteCodecTest.encodeNull,0,0,,
r2dbc-h2,io.r2dbc.h2.codecs.BytesCodecTest.decode,1,1,",io.r2dbc.h2.codecs.AbstractCodec.decode",",io.r2dbc.h2.codecs.AbstractCodec.decode"
r2dbc-h2,io.r2dbc.h2.codecs.BytesCodecTest.doCanDecode,0,0,,
r2dbc-h2,io.r2dbc.h2.codecs.BytesCodecTest.doEncode,1,1,",io.r2dbc.h2.codecs.BytesCodec.doEncode",",io.r2dbc.h2.codecs.BytesCodec.doEncode"
r2dbc-h2,io.r2dbc.h2.codecs.BytesCodecTest.doEncodeNoValue,2,1,",io.r2dbc.h2.codecs.BytesCodec.doEncode,io.r2dbc.h2.util.Assert.requireNonNull",",io.r2dbc.h2.codecs.BytesCodec.doEncode"
r2dbc-h2,io.r2dbc.h2.codecs.BytesCodecTest.encodeNull,0,0,,
r2dbc-h2,io.r2dbc.h2.codecs.ClobCodecTest.decode,1,1,",io.r2dbc.h2.codecs.ValueLobClob.stream",",io.r2dbc.h2.codecs.ValueLobClob.stream"
r2dbc-h2,io.r2dbc.h2.codecs.ClobCodecTest.decodeNull,0,0,,
r2dbc-h2,io.r2dbc.h2.codecs.ClobCodecTest.doCanDecode,0,0,,
r2dbc-h2,io.r2dbc.h2.codecs.ClobCodecTest.doEncodeNoValue,2,1,",io.r2dbc.h2.codecs.ClobCodec.doEncode,io.r2dbc.h2.util.Assert.requireNonNull",",io.r2dbc.h2.codecs.ClobCodec.doEncode"
r2dbc-h2,io.r2dbc.h2.codecs.ClobCodecTest.encodeNull,0,0,,
r2dbc-h2,io.r2dbc.h2.codecs.DefaultCodecsTest.addOptionalCodecsGeometry,2,1,",io.r2dbc.h2.codecs.DefaultCodecs.isPresent,io.r2dbc.h2.codecs.DefaultCodecs.addOptionalCodecs",",io.r2dbc.h2.codecs.DefaultCodecs.addOptionalCodecs"
r2dbc-h2,io.r2dbc.h2.codecs.DefaultCodecsTest.addOptionalCodecsGeometryNotFound,0,0,,
r2dbc-h2,io.r2dbc.h2.codecs.DefaultCodecsTest.createCodecsWithNonOptionalCodecsAndNoDuplicates,3,1,"io.r2dbc.h2.codecs.DefaultCodecs.createCodecs,,io.r2dbc.h2.codecs.DefaultCodecs.isPresent,io.r2dbc.h2.codecs.DefaultCodecs.addOptionalCodecs","io.r2dbc.h2.codecs.DefaultCodecs.createCodecs,"
r2dbc-h2,io.r2dbc.h2.codecs.DefaultCodecsTest.createCodecsWithOptionalCodecsAndNoDuplicates,3,1,"io.r2dbc.h2.codecs.DefaultCodecs.createCodecs,,io.r2dbc.h2.codecs.DefaultCodecs.isPresent,io.r2dbc.h2.codecs.DefaultCodecs.addOptionalCodecs","io.r2dbc.h2.codecs.DefaultCodecs.createCodecs,"
r2dbc-h2,io.r2dbc.h2.codecs.DefaultCodecsTest.decode,6,2,",io.r2dbc.h2.codecs.DefaultCodecs.addOptionalCodecs,io.r2dbc.h2.util.Assert.requireNonNull,io.r2dbc.h2.codecs.DefaultCodecs.decode,io.r2dbc.h2.codecs.IntegerCodec.doDecode,io.r2dbc.h2.codecs.AbstractCodec.canDecode,io.r2dbc.h2.codecs.DefaultCodecs.createCodecs,io.r2dbc.h2.codecs.DefaultCodecs.isPresent,io.r2dbc.h2.codecs.AbstractCodec.decode","io.r2dbc.h2.codecs.DefaultCodecs.createCodecs,,io.r2dbc.h2.codecs.DefaultCodecs.decode"
r2dbc-h2,io.r2dbc.h2.codecs.DefaultCodecsTest.decodeDefaultType,0,0,,
r2dbc-h2,io.r2dbc.h2.codecs.DefaultCodecsTest.decodeNoType,0,0,,
r2dbc-h2,io.r2dbc.h2.codecs.DefaultCodecsTest.decodeNull,0,0,,
r2dbc-h2,io.r2dbc.h2.codecs.DefaultCodecsTest.decodeUnsupportedType,0,0,,
r2dbc-h2,io.r2dbc.h2.codecs.DefaultCodecsTest.encode,9,3,",io.r2dbc.h2.codecs.DefaultCodecs.encodeNull,io.r2dbc.h2.codecs.DefaultCodecs.addOptionalCodecs,io.r2dbc.h2.util.Assert.requireNonNull,io.r2dbc.h2.codecs.AbstractCodec.canEncode,io.r2dbc.h2.codecs.IntegerCodec.doEncode,io.r2dbc.h2.codecs.DefaultCodecs.encode,io.r2dbc.h2.codecs.AbstractCodec.canEncodeNull,io.r2dbc.h2.codecs.AbstractCodec.encode,io.r2dbc.h2.codecs.DefaultCodecs.createCodecs,io.r2dbc.h2.codecs.DefaultCodecs.isPresent","io.r2dbc.h2.codecs.DefaultCodecs.createCodecs,,io.r2dbc.h2.codecs.DefaultCodecs.encodeNull,io.r2dbc.h2.codecs.DefaultCodecs.encode"
r2dbc-h2,io.r2dbc.h2.codecs.DefaultCodecsTest.encodeNoValue,0,0,,
r2dbc-h2,io.r2dbc.h2.codecs.DefaultCodecsTest.encodeNull,0,0,,
r2dbc-h2,io.r2dbc.h2.codecs.DefaultCodecsTest.encodeNullNoType,0,0,,
r2dbc-h2,io.r2dbc.h2.codecs.DefaultCodecsTest.encodeNullUnsupportedType,0,0,,
r2dbc-h2,io.r2dbc.h2.codecs.DefaultCodecsTest.encodeUnsupportedType,0,0,,
r2dbc-h2,io.r2dbc.h2.codecs.DefaultCodecsTest.isPresent,1,1,",io.r2dbc.h2.codecs.DefaultCodecs.isPresent",",io.r2dbc.h2.codecs.DefaultCodecs.isPresent"
r2dbc-h2,io.r2dbc.h2.codecs.DefaultCodecsTest.isPresentNotFound,0,0,,
r2dbc-h2,io.r2dbc.h2.codecs.DoubleCodecTest.decode,2,1,",io.r2dbc.h2.codecs.AbstractCodec.decode,io.r2dbc.h2.codecs.DoubleCodec.doDecode",",io.r2dbc.h2.codecs.AbstractCodec.decode"
r2dbc-h2,io.r2dbc.h2.codecs.DoubleCodecTest.doCanDecode,0,0,,
r2dbc-h2,io.r2dbc.h2.codecs.DoubleCodecTest.doEncode,1,1,",io.r2dbc.h2.codecs.DoubleCodec.doEncode",",io.r2dbc.h2.codecs.DoubleCodec.doEncode"
r2dbc-h2,io.r2dbc.h2.codecs.DoubleCodecTest.doEncodeNoValue,2,1,",io.r2dbc.h2.codecs.DoubleCodec.doEncode,io.r2dbc.h2.util.Assert.requireNonNull",",io.r2dbc.h2.codecs.DoubleCodec.doEncode"
r2dbc-h2,io.r2dbc.h2.codecs.DoubleCodecTest.encodeNull,0,0,,
r2dbc-h2,io.r2dbc.h2.codecs.DurationCodecTest.decode,2,1,",io.r2dbc.h2.codecs.DurationCodec.doDecode,io.r2dbc.h2.codecs.AbstractCodec.decode",",io.r2dbc.h2.codecs.AbstractCodec.decode"
r2dbc-h2,io.r2dbc.h2.codecs.DurationCodecTest.doCanDecode,0,0,,
r2dbc-h2,io.r2dbc.h2.codecs.DurationCodecTest.doEncode,1,1,",io.r2dbc.h2.codecs.DurationCodec.doEncode",",io.r2dbc.h2.codecs.DurationCodec.doEncode"
r2dbc-h2,io.r2dbc.h2.codecs.DurationCodecTest.doEncodeNoValue,2,1,",io.r2dbc.h2.codecs.DurationCodec.doEncode,io.r2dbc.h2.util.Assert.requireNonNull",",io.r2dbc.h2.codecs.DurationCodec.doEncode"
r2dbc-h2,io.r2dbc.h2.codecs.DurationCodecTest.encodeNull,0,0,,
r2dbc-h2,io.r2dbc.h2.codecs.FloatCodecTest.decode,2,1,",io.r2dbc.h2.codecs.AbstractCodec.decode,io.r2dbc.h2.codecs.FloatCodec.doDecode",",io.r2dbc.h2.codecs.AbstractCodec.decode"
r2dbc-h2,io.r2dbc.h2.codecs.FloatCodecTest.doCanDecode,0,0,,
r2dbc-h2,io.r2dbc.h2.codecs.FloatCodecTest.doEncode,2,1,",io.r2dbc.h2.codecs.FloatCodec.doEncode,io.r2dbc.h2.util.Assert.requireNonNull",",io.r2dbc.h2.codecs.FloatCodec.doEncode"
r2dbc-h2,io.r2dbc.h2.codecs.FloatCodecTest.doEncodeNoValue,0,0,,
r2dbc-h2,io.r2dbc.h2.codecs.FloatCodecTest.encodeNull,0,0,,
r2dbc-h2,io.r2dbc.h2.codecs.GeometryCodecTest.doCanDecode,0,0,,
r2dbc-h2,io.r2dbc.h2.codecs.GeometryCodecTest.doDecode,1,1,",io.r2dbc.h2.codecs.GeometryCodec.doDecode",",io.r2dbc.h2.codecs.GeometryCodec.doDecode"
r2dbc-h2,io.r2dbc.h2.codecs.GeometryCodecTest.doEncode,1,1,",io.r2dbc.h2.codecs.GeometryCodec.doEncode",",io.r2dbc.h2.codecs.GeometryCodec.doEncode"
r2dbc-h2,io.r2dbc.h2.codecs.InstantCodecTest.decode,2,1,"io.r2dbc.h2.codecs.InstantCodec.doDecode,,io.r2dbc.h2.codecs.AbstractCodec.decode",",io.r2dbc.h2.codecs.AbstractCodec.decode"
r2dbc-h2,io.r2dbc.h2.codecs.InstantCodecTest.doCanDecode,0,0,,
r2dbc-h2,io.r2dbc.h2.codecs.InstantCodecTest.doEncode,0,0,,
r2dbc-h2,io.r2dbc.h2.codecs.InstantCodecTest.doEncodeNoValue,2,1,",io.r2dbc.h2.codecs.InstantCodec.doEncode,io.r2dbc.h2.util.Assert.requireNonNull",",io.r2dbc.h2.codecs.InstantCodec.doEncode"
r2dbc-h2,io.r2dbc.h2.codecs.InstantCodecTest.encodeNull,0,0,,
r2dbc-h2,io.r2dbc.h2.codecs.IntegerCodecTest.decode,0,0,,
r2dbc-h2,io.r2dbc.h2.codecs.IntegerCodecTest.doCanDecode,0,0,,
r2dbc-h2,io.r2dbc.h2.codecs.IntegerCodecTest.doEncode,2,1,",io.r2dbc.h2.codecs.IntegerCodec.doEncode,io.r2dbc.h2.util.Assert.requireNonNull",",io.r2dbc.h2.codecs.IntegerCodec.doEncode"
r2dbc-h2,io.r2dbc.h2.codecs.IntegerCodecTest.doEncodeNoValue,0,0,,
r2dbc-h2,io.r2dbc.h2.codecs.IntegerCodecTest.encodeNull,0,0,,
r2dbc-h2,io.r2dbc.h2.codecs.IntervalCodecTest.decode,2,1,",io.r2dbc.h2.codecs.AbstractCodec.decode,io.r2dbc.h2.codecs.IntervalCodec.doDecode",",io.r2dbc.h2.codecs.AbstractCodec.decode"
r2dbc-h2,io.r2dbc.h2.codecs.IntervalCodecTest.doCanDecode,1,1,",io.r2dbc.h2.codecs.IntervalCodec.doCanDecode",",io.r2dbc.h2.codecs.IntervalCodec.doCanDecode"
r2dbc-h2,io.r2dbc.h2.codecs.IntervalCodecTest.doEncode,2,1,",io.r2dbc.h2.codecs.IntervalCodec.doEncode,io.r2dbc.h2.util.Assert.requireNonNull",",io.r2dbc.h2.codecs.IntervalCodec.doEncode"
r2dbc-h2,io.r2dbc.h2.codecs.IntervalCodecTest.doEncodeNoValue,0,0,,
r2dbc-h2,io.r2dbc.h2.codecs.IntervalCodecTest.encodeNull,0,0,,
r2dbc-h2,io.r2dbc.h2.codecs.LocalDateCodecTest.decode,2,1,"io.r2dbc.h2.codecs.LocalDateCodec.doDecode,,io.r2dbc.h2.codecs.AbstractCodec.decode",",io.r2dbc.h2.codecs.AbstractCodec.decode"
r2dbc-h2,io.r2dbc.h2.codecs.LocalDateCodecTest.doCanDecode,1,1,",io.r2dbc.h2.codecs.LocalDateCodec.doCanDecode",",io.r2dbc.h2.codecs.LocalDateCodec.doCanDecode"
r2dbc-h2,io.r2dbc.h2.codecs.LocalDateCodecTest.doEncode,2,1,",io.r2dbc.h2.codecs.LocalDateCodec.doEncode,io.r2dbc.h2.util.Assert.requireNonNull",",io.r2dbc.h2.codecs.LocalDateCodec.doEncode"
r2dbc-h2,io.r2dbc.h2.codecs.LocalDateCodecTest.doEncodeNoValue,0,0,,
r2dbc-h2,io.r2dbc.h2.codecs.LocalDateCodecTest.encodeNull,0,0,,
r2dbc-h2,io.r2dbc.h2.codecs.LocalDateTimeCodecTest.decode,2,1,",io.r2dbc.h2.codecs.AbstractCodec.decode,io.r2dbc.h2.codecs.LocalDateTimeCodec.doDecode",",io.r2dbc.h2.codecs.AbstractCodec.decode"
r2dbc-h2,io.r2dbc.h2.codecs.LocalDateTimeCodecTest.doCanDecode,0,0,,
r2dbc-h2,io.r2dbc.h2.codecs.LocalDateTimeCodecTest.doEncode,2,1,",io.r2dbc.h2.codecs.LocalDateTimeCodec.doEncode,io.r2dbc.h2.util.Assert.requireNonNull",",io.r2dbc.h2.codecs.LocalDateTimeCodec.doEncode"
r2dbc-h2,io.r2dbc.h2.codecs.LocalDateTimeCodecTest.doEncodeNoValue,0,0,,
r2dbc-h2,io.r2dbc.h2.codecs.LocalDateTimeCodecTest.encodeNull,0,0,,
r2dbc-h2,io.r2dbc.h2.codecs.LocalTimeCodecTest.decode,2,1,",io.r2dbc.h2.codecs.AbstractCodec.decode,io.r2dbc.h2.codecs.LocalTimeCodec.doDecode",",io.r2dbc.h2.codecs.AbstractCodec.decode"
r2dbc-h2,io.r2dbc.h2.codecs.LocalTimeCodecTest.doCanDecode,0,0,,
r2dbc-h2,io.r2dbc.h2.codecs.LocalTimeCodecTest.doEncode,1,1,",io.r2dbc.h2.codecs.LocalTimeCodec.doEncode",",io.r2dbc.h2.codecs.LocalTimeCodec.doEncode"
r2dbc-h2,io.r2dbc.h2.codecs.LocalTimeCodecTest.doEncodeNoValue,2,1,"io.r2dbc.h2.codecs.LocalTimeCodec.doEncode,,io.r2dbc.h2.util.Assert.requireNonNull","io.r2dbc.h2.codecs.LocalTimeCodec.doEncode,"
r2dbc-h2,io.r2dbc.h2.codecs.LocalTimeCodecTest.encodeNull,0,0,,
r2dbc-h2,io.r2dbc.h2.codecs.LongCodecTest.decode,2,1,",io.r2dbc.h2.codecs.LongCodec.doDecode,io.r2dbc.h2.codecs.AbstractCodec.decode",",io.r2dbc.h2.codecs.AbstractCodec.decode"
r2dbc-h2,io.r2dbc.h2.codecs.LongCodecTest.doCanDecode,0,0,,
r2dbc-h2,io.r2dbc.h2.codecs.LongCodecTest.doEncode,1,1,",io.r2dbc.h2.codecs.LongCodec.doEncode",",io.r2dbc.h2.codecs.LongCodec.doEncode"
r2dbc-h2,io.r2dbc.h2.codecs.LongCodecTest.doEncodeNoValue,2,1,",io.r2dbc.h2.codecs.LongCodec.doEncode,io.r2dbc.h2.util.Assert.requireNonNull",",io.r2dbc.h2.codecs.LongCodec.doEncode"
r2dbc-h2,io.r2dbc.h2.codecs.LongCodecTest.encodeNull,0,0,,
r2dbc-h2,io.r2dbc.h2.codecs.PeriodCodecTest.decode,2,1,",io.r2dbc.h2.codecs.PeriodCodec.doDecode,io.r2dbc.h2.codecs.AbstractCodec.decode",",io.r2dbc.h2.codecs.AbstractCodec.decode"
r2dbc-h2,io.r2dbc.h2.codecs.PeriodCodecTest.doCanDecode,0,0,,
r2dbc-h2,io.r2dbc.h2.codecs.PeriodCodecTest.doEncode,2,1,",io.r2dbc.h2.codecs.PeriodCodec.doEncode,io.r2dbc.h2.util.Assert.requireNonNull",",io.r2dbc.h2.codecs.PeriodCodec.doEncode"
r2dbc-h2,io.r2dbc.h2.codecs.PeriodCodecTest.doEncodeNoValue,0,0,,
r2dbc-h2,io.r2dbc.h2.codecs.PeriodCodecTest.encodeNull,0,0,,
r2dbc-h2,io.r2dbc.h2.codecs.ShortCodecTest.decode,2,1,",io.r2dbc.h2.codecs.AbstractCodec.decode,io.r2dbc.h2.codecs.ShortCodec.doDecode",",io.r2dbc.h2.codecs.AbstractCodec.decode"
r2dbc-h2,io.r2dbc.h2.codecs.ShortCodecTest.doCanDecode,0,0,,
r2dbc-h2,io.r2dbc.h2.codecs.ShortCodecTest.doEncode,2,1,",io.r2dbc.h2.codecs.ShortCodec.doEncode,io.r2dbc.h2.util.Assert.requireNonNull",",io.r2dbc.h2.codecs.ShortCodec.doEncode"
r2dbc-h2,io.r2dbc.h2.codecs.ShortCodecTest.doEncodeNoValue,0,0,,
r2dbc-h2,io.r2dbc.h2.codecs.ShortCodecTest.encodeNull,0,0,,
r2dbc-h2,io.r2dbc.h2.codecs.StringCodecTest.decode,2,1,",io.r2dbc.h2.codecs.AbstractCodec.decode,io.r2dbc.h2.codecs.StringCodec.doDecode",",io.r2dbc.h2.codecs.AbstractCodec.decode"
r2dbc-h2,io.r2dbc.h2.codecs.StringCodecTest.doCanDecode,1,1,",io.r2dbc.h2.codecs.StringCodec.doCanDecode",",io.r2dbc.h2.codecs.StringCodec.doCanDecode"
r2dbc-h2,io.r2dbc.h2.codecs.StringCodecTest.doEncode,1,1,"io.r2dbc.h2.codecs.StringCodec.doEncode,","io.r2dbc.h2.codecs.StringCodec.doEncode,"
r2dbc-h2,io.r2dbc.h2.codecs.StringCodecTest.doEncodeNoValue,2,1,"io.r2dbc.h2.codecs.StringCodec.doEncode,,io.r2dbc.h2.util.Assert.requireNonNull","io.r2dbc.h2.codecs.StringCodec.doEncode,"
r2dbc-h2,io.r2dbc.h2.codecs.StringCodecTest.encodeNull,0,0,,
r2dbc-h2,io.r2dbc.h2.codecs.UuidCodecTest.decode,2,1,",io.r2dbc.h2.codecs.UuidCodec.doDecode,io.r2dbc.h2.codecs.AbstractCodec.decode",",io.r2dbc.h2.codecs.AbstractCodec.decode"
r2dbc-h2,io.r2dbc.h2.codecs.UuidCodecTest.doCanDecode,0,0,,
r2dbc-h2,io.r2dbc.h2.codecs.UuidCodecTest.doEncode,2,1,",io.r2dbc.h2.util.Assert.requireNonNull,io.r2dbc.h2.codecs.UuidCodec.doEncode",",io.r2dbc.h2.codecs.UuidCodec.doEncode"
r2dbc-h2,io.r2dbc.h2.codecs.UuidCodecTest.doEncodeNoValue,0,0,,
r2dbc-h2,io.r2dbc.h2.codecs.UuidCodecTest.encodeNull,0,0,,
r2dbc-h2,io.r2dbc.h2.codecs.ZonedDateTimeCodecTest.decode,2,1,"io.r2dbc.h2.codecs.ZonedDateTimeCodec.doDecode,,io.r2dbc.h2.util.Assert.requireType","io.r2dbc.h2.codecs.ZonedDateTimeCodec.doDecode,"
r2dbc-h2,io.r2dbc.h2.codecs.ZonedDateTimeCodecTest.doCanDecode,0,0,,
r2dbc-h2,io.r2dbc.h2.codecs.ZonedDateTimeCodecTest.doEncode,1,1,",io.r2dbc.h2.codecs.ZonedDateTimeCodec.doEncode",",io.r2dbc.h2.codecs.ZonedDateTimeCodec.doEncode"
r2dbc-h2,io.r2dbc.h2.codecs.ZonedDateTimeCodecTest.doEncodeNoValue,2,1,",io.r2dbc.h2.codecs.ZonedDateTimeCodec.doEncode,io.r2dbc.h2.util.Assert.requireNonNull",",io.r2dbc.h2.codecs.ZonedDateTimeCodec.doEncode"
r2dbc-h2,io.r2dbc.h2.codecs.ZonedDateTimeCodecTest.encodeNull,0,0,,
