Project Name,Method,is_Tested,is_Directly_Tested,Test_Count,Direct_Test_Count,Tested_by,Directly_Tested_By
r2dbc-h2,io.r2dbc.h2.codecs.ClobCodec.AggregateCharArrayReader.read,0,0,0,0,,
r2dbc-h2,io.r2dbc.h2.H2ConnectionConfiguration.Builder.inMemory,0,0,0,0,,
r2dbc-h2,io.r2dbc.h2.codecs.FloatCodec.doCanDecode,0,0,0,0,,
r2dbc-h2,io.r2dbc.h2.client.SessionClient.update,1,1,11,8,"io.r2dbc.h2.H2ConnectionFactoryInMemoryTest.closedDatabaseFailsToCreateConnections,io.r2dbc.h2.H2ConnectionFactoryInMemoryTest.databaseClosedAfterFactoryClose,io.r2dbc.h2.H2ConnectionFactoryInMemoryTest.retainsStateAfterRunningCommand,io.r2dbc.h2.H2LobIntegrationTest.testBigBlob,io.r2dbc.h2.H2LobIntegrationTest.testBigClob,io.r2dbc.h2.H2LobIntegrationTest.testNullBlob,io.r2dbc.h2.H2LobIntegrationTest.testNullClob,io.r2dbc.h2.H2LobIntegrationTest.testSmallBlob,io.r2dbc.h2.H2LobIntegrationTest.testSmallClob,io.r2dbc.h2.H2StatementTest.returnGenerateValuesNoArguments,io.r2dbc.h2.H2StatementTest.returnGeneratedValues","io.r2dbc.h2.H2LobIntegrationTest.testBigBlob,io.r2dbc.h2.H2LobIntegrationTest.testBigClob,io.r2dbc.h2.H2LobIntegrationTest.testNullBlob,io.r2dbc.h2.H2LobIntegrationTest.testNullClob,io.r2dbc.h2.H2LobIntegrationTest.testSmallBlob,io.r2dbc.h2.H2LobIntegrationTest.testSmallClob,io.r2dbc.h2.H2StatementTest.returnGenerateValuesNoArguments,io.r2dbc.h2.H2StatementTest.returnGeneratedValues"
r2dbc-h2,io.r2dbc.h2.H2DatabaseExceptionFactory.convert,1,1,6,2,"io.r2dbc.h2.H2BatchTest.executeErrorResponse,io.r2dbc.h2.H2ConnectionFactoryInMemoryTest.closedDatabaseShutsDownClientSessions,io.r2dbc.h2.H2ConnectionFactoryProviderTest.supportsKnownOptions,io.r2dbc.h2.H2LobIntegrationTest.testNullBlob,io.r2dbc.h2.H2ResultTest.toResultErrorResponse,io.r2dbc.h2.H2StatementTest.executeErrorResponse","io.r2dbc.h2.H2BatchTest.executeErrorResponse,io.r2dbc.h2.H2ResultTest.toResultErrorResponse"
r2dbc-h2,io.r2dbc.h2.util.ChangeLogReportGenerator.main,0,0,0,0,,
r2dbc-h2,io.r2dbc.h2.codecs.UuidCodec.doDecode,1,0,1,0,io.r2dbc.h2.codecs.UuidCodecTest.decode,
r2dbc-h2,io.r2dbc.h2.codecs.InstantCodec.doDecode,1,0,1,0,io.r2dbc.h2.codecs.InstantCodecTest.decode,
r2dbc-h2,io.r2dbc.h2.H2Connection.rollbackTransactionToSavepoint,1,1,1,1,io.r2dbc.h2.H2ConnectionTest.rollbackTransactionToSavepoint,io.r2dbc.h2.H2ConnectionTest.rollbackTransactionToSavepoint
r2dbc-h2,io.r2dbc.h2.H2Connection.createSavepoint,1,1,2,2,"io.r2dbc.h2.H2ConnectionTest.createSavepoint,io.r2dbc.h2.H2ConnectionTest.createSavepointNoName","io.r2dbc.h2.H2ConnectionTest.createSavepoint,io.r2dbc.h2.H2ConnectionTest.createSavepointNoName"
r2dbc-h2,io.r2dbc.h2.H2ConnectionConfiguration.Builder.property,0,0,0,0,,
r2dbc-h2,io.r2dbc.h2.client.SessionClient.getSession,0,0,0,0,,
r2dbc-h2,io.r2dbc.h2.H2Row.getColumns,1,0,8,0,"io.r2dbc.h2.H2LobIntegrationTest.testBigBlob,io.r2dbc.h2.H2LobIntegrationTest.testNullBlob,io.r2dbc.h2.H2LobIntegrationTest.testSmallBlob,io.r2dbc.h2.H2LobIntegrationTest.testSmallClob,io.r2dbc.h2.H2ResultTest.toResultRowDescription,io.r2dbc.h2.H2RowTest.selectWithAliases,io.r2dbc.h2.H2StatementTest.returnGenerateValuesNoArguments,io.r2dbc.h2.H2StatementTest.returnGeneratedValues",
r2dbc-h2,io.r2dbc.h2.H2ConnectionFactory.getSessionClient,1,1,16,13,"io.r2dbc.h2.H2ConnectionFactoryInMemoryTest.closedDatabaseFailsToCreateConnections,io.r2dbc.h2.H2ConnectionFactoryInMemoryTest.closedDatabaseShutsDownClientSessions,io.r2dbc.h2.H2ConnectionFactoryInMemoryTest.databaseClosedAfterFactoryClose,io.r2dbc.h2.H2ConnectionFactoryInMemoryTest.retainsStateAfterRunningCommand,io.r2dbc.h2.H2ConnectionFactoryInMemoryTest.shouldCreateInMemoryDatabase,io.r2dbc.h2.H2ConnectionFactoryProviderTest.supportsKnownOptions,io.r2dbc.h2.H2ConnectionFactoryTest.create,io.r2dbc.h2.H2ConnectionFactoryTest.createInMemoryDatabase,io.r2dbc.h2.H2RemoteAccessTest.tcpByUrlWorks,io.r2dbc.h2.H2RemoteAccessTest.tcpWithHostnameAndPortWorks,io.r2dbc.h2.H2RemoteAccessTest.tcpWithHostnameButNoPortWorks,io.r2dbc.h2.H2RowTest.selectWithAliases,io.r2dbc.h2.H2RowTest.selectWithoutAliases,io.r2dbc.h2.H2StatementTest.executeErrorResponse,io.r2dbc.h2.H2StatementTest.returnGenerateValuesNoArguments,io.r2dbc.h2.H2StatementTest.returnGeneratedValues","io.r2dbc.h2.H2ConnectionFactoryInMemoryTest.closedDatabaseShutsDownClientSessions,io.r2dbc.h2.H2ConnectionFactoryInMemoryTest.shouldCreateInMemoryDatabase,io.r2dbc.h2.H2ConnectionFactoryProviderTest.supportsKnownOptions,io.r2dbc.h2.H2ConnectionFactoryTest.create,io.r2dbc.h2.H2ConnectionFactoryTest.createInMemoryDatabase,io.r2dbc.h2.H2RemoteAccessTest.tcpByUrlWorks,io.r2dbc.h2.H2RemoteAccessTest.tcpWithHostnameAndPortWorks,io.r2dbc.h2.H2RemoteAccessTest.tcpWithHostnameButNoPortWorks,io.r2dbc.h2.H2RowTest.selectWithAliases,io.r2dbc.h2.H2RowTest.selectWithoutAliases,io.r2dbc.h2.H2StatementTest.executeErrorResponse,io.r2dbc.h2.H2StatementTest.returnGenerateValuesNoArguments,io.r2dbc.h2.H2StatementTest.returnGeneratedValues"
r2dbc-h2,io.r2dbc.h2.codecs.LocalDateTimeCodec.doEncode,1,1,1,1,io.r2dbc.h2.codecs.LocalDateTimeCodecTest.doEncode,io.r2dbc.h2.codecs.LocalDateTimeCodecTest.doEncode
r2dbc-h2,io.r2dbc.h2.client.Binding.add,1,1,9,3,"io.r2dbc.h2.H2LobIntegrationTest.testNullBlob,io.r2dbc.h2.H2LobIntegrationTest.testSmallBlob,io.r2dbc.h2.H2LobIntegrationTest.testSmallClob,io.r2dbc.h2.H2StatementTest.bindIndex,io.r2dbc.h2.H2StatementTest.bindNull,io.r2dbc.h2.H2StatementTest.bindWithQuestionMark,io.r2dbc.h2.H2StatementTest.execute,io.r2dbc.h2.client.BindingTest.addNoIndex,io.r2dbc.h2.client.BindingTest.addNoValue","io.r2dbc.h2.H2StatementTest.execute,io.r2dbc.h2.client.BindingTest.addNoIndex,io.r2dbc.h2.client.BindingTest.addNoValue"
r2dbc-h2,io.r2dbc.h2.codecs.DoubleCodec.doDecode,1,0,1,0,io.r2dbc.h2.codecs.DoubleCodecTest.decode,
r2dbc-h2,io.r2dbc.h2.ColumnSource.getColumn,1,0,3,0,"io.r2dbc.h2.H2RowMetadataTest.getColumnMetadataInvalidIndex,io.r2dbc.h2.H2RowMetadataTest.getColumnMetadataInvalidName,io.r2dbc.h2.H2RowMetadataTest.getColumnMetadataNoIdentifier",
r2dbc-h2,io.r2dbc.h2.codecs.DefaultCodecs.preferredType,0,0,0,0,,
r2dbc-h2,io.r2dbc.h2.codecs.MockCodecs.Builder.encoding,0,0,0,0,,
r2dbc-h2,io.r2dbc.h2.codecs.ValueLobBlob.wrap,0,0,0,0,,
r2dbc-h2,io.r2dbc.h2.codecs.ArrayCodec.doEncode,1,1,2,2,"io.r2dbc.h2.codecs.ArrayCodecTest.doEncodeNoValue,io.r2dbc.h2.codecs.ArrayCodecTest.encode","io.r2dbc.h2.codecs.ArrayCodecTest.doEncodeNoValue,io.r2dbc.h2.codecs.ArrayCodecTest.encode"
r2dbc-h2,io.r2dbc.h2.codecs.ByteBufferInputStream.mark,0,0,0,0,,
r2dbc-h2,io.r2dbc.h2.codecs.DurationCodec.doEncode,1,1,2,2,"io.r2dbc.h2.codecs.DurationCodecTest.doEncode,io.r2dbc.h2.codecs.DurationCodecTest.doEncodeNoValue","io.r2dbc.h2.codecs.DurationCodecTest.doEncode,io.r2dbc.h2.codecs.DurationCodecTest.doEncodeNoValue"
r2dbc-h2,io.r2dbc.h2.codecs.MockCodecs.Builder.decoding,0,0,0,0,,
r2dbc-h2,io.r2dbc.h2.codecs.OffsetDateTimeCodec.doDecode,0,0,0,0,,
r2dbc-h2,io.r2dbc.h2.H2RowMetadata.contains,0,0,0,0,,
r2dbc-h2,io.r2dbc.h2.codecs.ByteCodec.doCanDecode,0,0,0,0,,
r2dbc-h2,io.r2dbc.h2.codecs.LocalDateTimeCodecTest.setUp,0,0,0,0,,
r2dbc-h2,io.r2dbc.h2.H2Result.map,1,1,11,11,"io.r2dbc.h2.H2LobIntegrationTest.testBigBlob,io.r2dbc.h2.H2LobIntegrationTest.testBigClob,io.r2dbc.h2.H2LobIntegrationTest.testNullBlob,io.r2dbc.h2.H2LobIntegrationTest.testNullClob,io.r2dbc.h2.H2LobIntegrationTest.testSmallBlob,io.r2dbc.h2.H2LobIntegrationTest.testSmallClob,io.r2dbc.h2.H2ResultTest.toResultRowDescription,io.r2dbc.h2.H2RowTest.selectWithAliases,io.r2dbc.h2.H2RowTest.selectWithoutAliases,io.r2dbc.h2.H2StatementTest.returnGenerateValuesNoArguments,io.r2dbc.h2.H2StatementTest.returnGeneratedValues","io.r2dbc.h2.H2LobIntegrationTest.testBigBlob,io.r2dbc.h2.H2LobIntegrationTest.testBigClob,io.r2dbc.h2.H2LobIntegrationTest.testNullBlob,io.r2dbc.h2.H2LobIntegrationTest.testNullClob,io.r2dbc.h2.H2LobIntegrationTest.testSmallBlob,io.r2dbc.h2.H2LobIntegrationTest.testSmallClob,io.r2dbc.h2.H2ResultTest.toResultRowDescription,io.r2dbc.h2.H2RowTest.selectWithAliases,io.r2dbc.h2.H2RowTest.selectWithoutAliases,io.r2dbc.h2.H2StatementTest.returnGenerateValuesNoArguments,io.r2dbc.h2.H2StatementTest.returnGeneratedValues"
r2dbc-h2,io.r2dbc.h2.H2RowMetadata.addAll,0,0,0,0,,
r2dbc-h2,io.r2dbc.h2.H2Statement.add,1,1,1,1,io.r2dbc.h2.H2StatementTest.execute,io.r2dbc.h2.H2StatementTest.execute
r2dbc-h2,io.r2dbc.h2.codecs.BytesCodec.doCanDecode,0,0,0,0,,
r2dbc-h2,io.r2dbc.h2.codecs.DoubleCodec.doCanDecode,0,0,0,0,,
r2dbc-h2,io.r2dbc.h2.codecs.BooleanCodec.doEncode,1,1,2,2,"io.r2dbc.h2.codecs.BooleanCodecTest.doEncode,io.r2dbc.h2.codecs.BooleanCodecTest.doEncodeNoValue","io.r2dbc.h2.codecs.BooleanCodecTest.doEncode,io.r2dbc.h2.codecs.BooleanCodecTest.doEncodeNoValue"
r2dbc-h2,io.r2dbc.h2.codecs.BlobToByteBufferCodec.BlobInputStreamEnumeration.hasMoreElements,0,0,0,0,,
r2dbc-h2,io.r2dbc.h2.codecs.AbstractCodec.canDecode,1,0,6,0,"io.r2dbc.h2.H2LobIntegrationTest.testBigClob,io.r2dbc.h2.H2LobIntegrationTest.testNullClob,io.r2dbc.h2.H2RowTest.selectWithoutAliases,io.r2dbc.h2.H2StatementTest.returnGenerateValuesNoArguments,io.r2dbc.h2.H2StatementTest.returnGeneratedValues,io.r2dbc.h2.codecs.DefaultCodecsTest.decode",
r2dbc-h2,io.r2dbc.h2.codecs.GeometryCodec.doEncode,1,1,1,1,io.r2dbc.h2.codecs.GeometryCodecTest.doEncode,io.r2dbc.h2.codecs.GeometryCodecTest.doEncode
r2dbc-h2,io.r2dbc.h2.H2ConnectionFactory.DefaultCloseableConnectionFactory.getMetadata,0,0,0,0,,
r2dbc-h2,io.r2dbc.h2.H2RemoteAccessTest.shutdownRemoteDatabase,0,0,0,0,,
r2dbc-h2,io.r2dbc.h2.H2ColumnMetadata.getScale,1,1,1,1,io.r2dbc.h2.H2ColumnMetadataTest.toColumnMetadata,io.r2dbc.h2.H2ColumnMetadataTest.toColumnMetadata
r2dbc-h2,io.r2dbc.h2.util.IntegrationTestSupport.afterAll,0,0,0,0,,
r2dbc-h2,io.r2dbc.h2.H2ConnectionConfiguration.Builder.url,0,0,0,0,,
r2dbc-h2,io.r2dbc.h2.H2RowMetadata.getColumnMetadata,1,1,3,3,"io.r2dbc.h2.H2RowMetadataTest.getColumnMetadataInvalidIndex,io.r2dbc.h2.H2RowMetadataTest.getColumnMetadataInvalidName,io.r2dbc.h2.H2RowMetadataTest.getColumnMetadataNoIdentifier","io.r2dbc.h2.H2RowMetadataTest.getColumnMetadataInvalidIndex,io.r2dbc.h2.H2RowMetadataTest.getColumnMetadataInvalidName,io.r2dbc.h2.H2RowMetadataTest.getColumnMetadataNoIdentifier"
r2dbc-h2,io.r2dbc.h2.client.SessionClient.createCommand,1,1,22,19,"io.r2dbc.h2.H2ConnectionFactoryInMemoryTest.closedDatabaseFailsToCreateConnections,io.r2dbc.h2.H2ConnectionFactoryInMemoryTest.closedDatabaseShutsDownClientSessions,io.r2dbc.h2.H2ConnectionFactoryInMemoryTest.databaseClosedAfterFactoryClose,io.r2dbc.h2.H2ConnectionFactoryInMemoryTest.retainsStateAfterRunningCommand,io.r2dbc.h2.H2ConnectionFactoryInMemoryTest.shouldCreateInMemoryDatabase,io.r2dbc.h2.H2ConnectionFactoryTest.create,io.r2dbc.h2.H2ConnectionFactoryTest.createInMemoryDatabase,io.r2dbc.h2.H2ConnectionIntegrationTest.getMetadata,io.r2dbc.h2.H2LobIntegrationTest.testBigBlob,io.r2dbc.h2.H2LobIntegrationTest.testBigClob,io.r2dbc.h2.H2LobIntegrationTest.testNullBlob,io.r2dbc.h2.H2LobIntegrationTest.testNullClob,io.r2dbc.h2.H2LobIntegrationTest.testSmallBlob,io.r2dbc.h2.H2LobIntegrationTest.testSmallClob,io.r2dbc.h2.H2RemoteAccessTest.tcpByUrlWorks,io.r2dbc.h2.H2RemoteAccessTest.tcpWithHostnameAndPortWorks,io.r2dbc.h2.H2RemoteAccessTest.tcpWithHostnameButNoPortWorks,io.r2dbc.h2.H2RowTest.selectWithAliases,io.r2dbc.h2.H2RowTest.selectWithoutAliases,io.r2dbc.h2.H2StatementTest.executeErrorResponse,io.r2dbc.h2.H2StatementTest.returnGenerateValuesNoArguments,io.r2dbc.h2.H2StatementTest.returnGeneratedValues","io.r2dbc.h2.H2ConnectionFactoryInMemoryTest.closedDatabaseShutsDownClientSessions,io.r2dbc.h2.H2ConnectionFactoryInMemoryTest.shouldCreateInMemoryDatabase,io.r2dbc.h2.H2ConnectionFactoryTest.create,io.r2dbc.h2.H2ConnectionFactoryTest.createInMemoryDatabase,io.r2dbc.h2.H2ConnectionIntegrationTest.getMetadata,io.r2dbc.h2.H2LobIntegrationTest.testBigBlob,io.r2dbc.h2.H2LobIntegrationTest.testBigClob,io.r2dbc.h2.H2LobIntegrationTest.testNullBlob,io.r2dbc.h2.H2LobIntegrationTest.testNullClob,io.r2dbc.h2.H2LobIntegrationTest.testSmallBlob,io.r2dbc.h2.H2LobIntegrationTest.testSmallClob,io.r2dbc.h2.H2RemoteAccessTest.tcpByUrlWorks,io.r2dbc.h2.H2RemoteAccessTest.tcpWithHostnameAndPortWorks,io.r2dbc.h2.H2RemoteAccessTest.tcpWithHostnameButNoPortWorks,io.r2dbc.h2.H2RowTest.selectWithAliases,io.r2dbc.h2.H2RowTest.selectWithoutAliases,io.r2dbc.h2.H2StatementTest.executeErrorResponse,io.r2dbc.h2.H2StatementTest.returnGenerateValuesNoArguments,io.r2dbc.h2.H2StatementTest.returnGeneratedValues"
r2dbc-h2,io.r2dbc.h2.codecs.DefaultCodecs.encode,1,1,5,1,"io.r2dbc.h2.H2LobIntegrationTest.testBigBlob,io.r2dbc.h2.H2LobIntegrationTest.testBigClob,io.r2dbc.h2.H2LobIntegrationTest.testSmallBlob,io.r2dbc.h2.H2LobIntegrationTest.testSmallClob,io.r2dbc.h2.codecs.DefaultCodecsTest.encode",io.r2dbc.h2.codecs.DefaultCodecsTest.encode
r2dbc-h2,io.r2dbc.h2.codecs.LocalDateCodec.doCanDecode,1,1,1,1,io.r2dbc.h2.codecs.LocalDateCodecTest.doCanDecode,io.r2dbc.h2.codecs.LocalDateCodecTest.doCanDecode
r2dbc-h2,io.r2dbc.h2.codecs.InstantCodec.doCanDecode,0,0,0,0,,
r2dbc-h2,io.r2dbc.h2.H2Connection.getTransactionIsolationLevel,0,0,0,0,,
r2dbc-h2,io.r2dbc.h2.codecs.BlobToByteBufferCodec.doDecode,1,0,1,0,io.r2dbc.h2.codecs.BlobToByteBufferCodecTest.decode,
r2dbc-h2,io.r2dbc.h2.codecs.DoubleCodec.doEncode,1,1,2,2,"io.r2dbc.h2.codecs.DoubleCodecTest.doEncode,io.r2dbc.h2.codecs.DoubleCodecTest.doEncodeNoValue","io.r2dbc.h2.codecs.DoubleCodecTest.doEncode,io.r2dbc.h2.codecs.DoubleCodecTest.doEncodeNoValue"
r2dbc-h2,io.r2dbc.h2.codecs.ZonedDateTimeCodecTest.setUp,0,0,0,0,,
r2dbc-h2,io.r2dbc.h2.codecs.AbstractCodec.decode,1,1,28,20,"io.r2dbc.h2.H2LobIntegrationTest.testBigBlob,io.r2dbc.h2.H2LobIntegrationTest.testNullBlob,io.r2dbc.h2.H2LobIntegrationTest.testSmallBlob,io.r2dbc.h2.H2LobIntegrationTest.testSmallClob,io.r2dbc.h2.H2RowTest.selectWithAliases,io.r2dbc.h2.H2RowTest.selectWithoutAliases,io.r2dbc.h2.H2StatementTest.returnGenerateValuesNoArguments,io.r2dbc.h2.codecs.ArrayCodecTest.decode,io.r2dbc.h2.codecs.BigDecimalCodecTest.decode,io.r2dbc.h2.codecs.BlobCodecTest.decode,io.r2dbc.h2.codecs.BlobToByteBufferCodecTest.decode,io.r2dbc.h2.codecs.BooleanCodecTest.decode,io.r2dbc.h2.codecs.ByteCodecTest.decode,io.r2dbc.h2.codecs.BytesCodecTest.decode,io.r2dbc.h2.codecs.DefaultCodecsTest.decode,io.r2dbc.h2.codecs.DoubleCodecTest.decode,io.r2dbc.h2.codecs.DurationCodecTest.decode,io.r2dbc.h2.codecs.FloatCodecTest.decode,io.r2dbc.h2.codecs.InstantCodecTest.decode,io.r2dbc.h2.codecs.IntervalCodecTest.decode,io.r2dbc.h2.codecs.LocalDateCodecTest.decode,io.r2dbc.h2.codecs.LocalDateTimeCodecTest.decode,io.r2dbc.h2.codecs.LocalTimeCodecTest.decode,io.r2dbc.h2.codecs.LongCodecTest.decode,io.r2dbc.h2.codecs.PeriodCodecTest.decode,io.r2dbc.h2.codecs.ShortCodecTest.decode,io.r2dbc.h2.codecs.StringCodecTest.decode,io.r2dbc.h2.codecs.UuidCodecTest.decode","io.r2dbc.h2.codecs.ArrayCodecTest.decode,io.r2dbc.h2.codecs.BigDecimalCodecTest.decode,io.r2dbc.h2.codecs.BlobCodecTest.decode,io.r2dbc.h2.codecs.BlobToByteBufferCodecTest.decode,io.r2dbc.h2.codecs.BooleanCodecTest.decode,io.r2dbc.h2.codecs.ByteCodecTest.decode,io.r2dbc.h2.codecs.BytesCodecTest.decode,io.r2dbc.h2.codecs.DoubleCodecTest.decode,io.r2dbc.h2.codecs.DurationCodecTest.decode,io.r2dbc.h2.codecs.FloatCodecTest.decode,io.r2dbc.h2.codecs.InstantCodecTest.decode,io.r2dbc.h2.codecs.IntervalCodecTest.decode,io.r2dbc.h2.codecs.LocalDateCodecTest.decode,io.r2dbc.h2.codecs.LocalDateTimeCodecTest.decode,io.r2dbc.h2.codecs.LocalTimeCodecTest.decode,io.r2dbc.h2.codecs.LongCodecTest.decode,io.r2dbc.h2.codecs.PeriodCodecTest.decode,io.r2dbc.h2.codecs.ShortCodecTest.decode,io.r2dbc.h2.codecs.StringCodecTest.decode,io.r2dbc.h2.codecs.UuidCodecTest.decode"
r2dbc-h2,io.r2dbc.h2.H2ConnectionConfiguration.Builder.toString,0,0,0,0,,
r2dbc-h2,io.r2dbc.h2.H2ColumnMetadata.toColumnMetadata,1,1,12,3,"io.r2dbc.h2.H2ColumnMetadataTest.toColumnMetadata,io.r2dbc.h2.H2ColumnMetadataTest.toColumnMetadataNoCodecs,io.r2dbc.h2.H2ColumnMetadataTest.toColumnMetadataNoResult,io.r2dbc.h2.H2LobIntegrationTest.testBigBlob,io.r2dbc.h2.H2LobIntegrationTest.testBigClob,io.r2dbc.h2.H2LobIntegrationTest.testNullBlob,io.r2dbc.h2.H2LobIntegrationTest.testSmallClob,io.r2dbc.h2.H2RowMetadataTest.toRowMetadata,io.r2dbc.h2.H2RowTest.selectWithAliases,io.r2dbc.h2.H2RowTest.selectWithoutAliases,io.r2dbc.h2.H2StatementTest.returnGenerateValuesNoArguments,io.r2dbc.h2.H2StatementTest.returnGeneratedValues","io.r2dbc.h2.H2ColumnMetadataTest.toColumnMetadata,io.r2dbc.h2.H2ColumnMetadataTest.toColumnMetadataNoCodecs,io.r2dbc.h2.H2ColumnMetadataTest.toColumnMetadataNoResult"
r2dbc-h2,io.r2dbc.h2.codecs.BlobToByteBufferCodec.doCanDecode,0,0,0,0,,
r2dbc-h2,io.r2dbc.h2.codecs.DefaultCodecs.encodeNull,1,1,3,1,"io.r2dbc.h2.H2LobIntegrationTest.testNullBlob,io.r2dbc.h2.H2LobIntegrationTest.testNullClob,io.r2dbc.h2.codecs.DefaultCodecsTest.encode",io.r2dbc.h2.codecs.DefaultCodecsTest.encode
r2dbc-h2,io.r2dbc.h2.codecs.CodecIntegrationTests.createTable,0,0,0,0,,
r2dbc-h2,io.r2dbc.h2.H2ConnectionTest.setUp,0,0,0,0,,
r2dbc-h2,io.r2dbc.h2.client.Binding.equals,1,1,6,6,"io.r2dbc.h2.H2StatementTest.bind,io.r2dbc.h2.H2StatementTest.bindIndex,io.r2dbc.h2.H2StatementTest.bindNull,io.r2dbc.h2.H2StatementTest.bindWithPositionNumberAsObject,io.r2dbc.h2.H2StatementTest.bindWithQuestionMark,io.r2dbc.h2.H2StatementTest.execute","io.r2dbc.h2.H2StatementTest.bind,io.r2dbc.h2.H2StatementTest.bindIndex,io.r2dbc.h2.H2StatementTest.bindNull,io.r2dbc.h2.H2StatementTest.bindWithPositionNumberAsObject,io.r2dbc.h2.H2StatementTest.bindWithQuestionMark,io.r2dbc.h2.H2StatementTest.execute"
r2dbc-h2,io.r2dbc.h2.codecs.DefaultCodecs.decode,1,1,11,1,"io.r2dbc.h2.H2LobIntegrationTest.testBigBlob,io.r2dbc.h2.H2LobIntegrationTest.testBigClob,io.r2dbc.h2.H2LobIntegrationTest.testNullBlob,io.r2dbc.h2.H2LobIntegrationTest.testNullClob,io.r2dbc.h2.H2LobIntegrationTest.testSmallBlob,io.r2dbc.h2.H2LobIntegrationTest.testSmallClob,io.r2dbc.h2.H2RowTest.selectWithAliases,io.r2dbc.h2.H2RowTest.selectWithoutAliases,io.r2dbc.h2.H2StatementTest.returnGenerateValuesNoArguments,io.r2dbc.h2.H2StatementTest.returnGeneratedValues,io.r2dbc.h2.codecs.DefaultCodecsTest.decode",io.r2dbc.h2.codecs.DefaultCodecsTest.decode
r2dbc-h2,io.r2dbc.h2.H2Row.Column.equals,0,0,0,0,,
r2dbc-h2,io.r2dbc.h2.ColumnSource.getColumnMetadatas,0,0,0,0,,
r2dbc-h2,io.r2dbc.h2.codecs.LocalDateCodec.doEncode,1,1,1,1,io.r2dbc.h2.codecs.LocalDateCodecTest.doEncode,io.r2dbc.h2.codecs.LocalDateCodecTest.doEncode
r2dbc-h2,io.r2dbc.h2.H2RowMetadata.isEmpty,0,0,0,0,,
r2dbc-h2,io.r2dbc.h2.ColumnSource.hashCode,0,0,0,0,,
r2dbc-h2,io.r2dbc.h2.codecs.AbstractCodecTest.MockCodec.doEncode,0,0,0,0,,
r2dbc-h2,io.r2dbc.h2.codecs.ClobCodec.AggregateCharArrayReader.close,0,0,0,0,,
r2dbc-h2,io.r2dbc.h2.H2RowMetadata.iterator,0,0,0,0,,
r2dbc-h2,io.r2dbc.h2.codecs.InstantCodecTest.setUp,0,0,0,0,,
r2dbc-h2,io.r2dbc.h2.codecs.ByteCodec.doDecode,1,0,1,0,io.r2dbc.h2.codecs.ByteCodecTest.decode,
r2dbc-h2,io.r2dbc.h2.util.H2ServerExtension.getJdbcOperations,0,0,0,0,,
r2dbc-h2,io.r2dbc.h2.H2Example.NamedParameterStyle.getPlaceholder,0,0,0,0,,
r2dbc-h2,io.r2dbc.h2.codecs.LocalDateCodec.doDecode,1,0,1,0,io.r2dbc.h2.codecs.LocalDateCodecTest.decode,
r2dbc-h2,io.r2dbc.h2.codecs.ValueLobBlob.stream,1,1,3,3,"io.r2dbc.h2.H2LobIntegrationTest.testBigBlob,io.r2dbc.h2.H2LobIntegrationTest.testSmallBlob,io.r2dbc.h2.codecs.BlobCodecTest.decode","io.r2dbc.h2.H2LobIntegrationTest.testBigBlob,io.r2dbc.h2.H2LobIntegrationTest.testSmallBlob,io.r2dbc.h2.codecs.BlobCodecTest.decode"
r2dbc-h2,io.r2dbc.h2.util.Assert.requireType,1,0,1,0,io.r2dbc.h2.codecs.ZonedDateTimeCodecTest.decode,
r2dbc-h2,io.r2dbc.h2.util.H2ServerExtension.getUrl,0,0,0,0,,
r2dbc-h2,io.r2dbc.h2.H2ConnectionFactory.toString,0,0,0,0,,
r2dbc-h2,io.r2dbc.h2.H2Connection.createStatement,1,1,9,6,"io.r2dbc.h2.H2ConnectionFactoryInMemoryTest.databaseClosedAfterFactoryClose,io.r2dbc.h2.H2LobIntegrationTest.testBigBlob,io.r2dbc.h2.H2LobIntegrationTest.testBigClob,io.r2dbc.h2.H2LobIntegrationTest.testNullBlob,io.r2dbc.h2.H2LobIntegrationTest.testNullClob,io.r2dbc.h2.H2LobIntegrationTest.testSmallClob,io.r2dbc.h2.H2RowTest.selectWithAliases,io.r2dbc.h2.H2StatementTest.executeErrorResponse,io.r2dbc.h2.H2StatementTest.returnGeneratedValues","io.r2dbc.h2.H2LobIntegrationTest.testBigBlob,io.r2dbc.h2.H2LobIntegrationTest.testBigClob,io.r2dbc.h2.H2LobIntegrationTest.testNullClob,io.r2dbc.h2.H2RowTest.selectWithAliases,io.r2dbc.h2.H2StatementTest.executeErrorResponse,io.r2dbc.h2.H2StatementTest.returnGeneratedValues"
r2dbc-h2,io.r2dbc.h2.codecs.MockCodecs.toString,0,0,0,0,,
r2dbc-h2,io.r2dbc.h2.H2ConnectionFactoryMetadata.getName,0,0,0,0,,
r2dbc-h2,io.r2dbc.h2.codecs.MockCodecs.preferredType,1,0,1,0,io.r2dbc.h2.H2ColumnMetadataTest.toColumnMetadata,
r2dbc-h2,io.r2dbc.h2.codecs.DurationCodecTest.setUp,0,0,0,0,,
r2dbc-h2,io.r2dbc.h2.codecs.StringCodec.doDecode,1,0,1,0,io.r2dbc.h2.codecs.StringCodecTest.decode,
r2dbc-h2,io.r2dbc.h2.codecs.AbstractCodecTest.MockCodec.doDecode,0,0,0,0,,
r2dbc-h2,io.r2dbc.h2.H2Connection.setAutoCommit,0,0,0,0,,
r2dbc-h2,io.r2dbc.h2.H2Connection.releaseSavepoint,1,1,1,1,io.r2dbc.h2.H2ConnectionTest.releaseSavepoint,io.r2dbc.h2.H2ConnectionTest.releaseSavepoint
r2dbc-h2,io.r2dbc.h2.client.SessionClient.disableAutoCommit,0,0,0,0,,
r2dbc-h2,io.r2dbc.h2.H2Statement.bindNull,1,1,4,4,"io.r2dbc.h2.H2LobIntegrationTest.testNullBlob,io.r2dbc.h2.H2LobIntegrationTest.testNullClob,io.r2dbc.h2.H2StatementTest.bindNull,io.r2dbc.h2.H2StatementTest.bindNullNoIdentifier","io.r2dbc.h2.H2LobIntegrationTest.testNullBlob,io.r2dbc.h2.H2LobIntegrationTest.testNullClob,io.r2dbc.h2.H2StatementTest.bindNull,io.r2dbc.h2.H2StatementTest.bindNullNoIdentifier"
r2dbc-h2,io.r2dbc.h2.H2ConnectionFactory.DefaultCloseableConnectionFactory.create,0,0,0,0,,
r2dbc-h2,io.r2dbc.h2.client.SessionClient.query,1,1,22,19,"io.r2dbc.h2.H2ConnectionFactoryInMemoryTest.closedDatabaseFailsToCreateConnections,io.r2dbc.h2.H2ConnectionFactoryInMemoryTest.closedDatabaseShutsDownClientSessions,io.r2dbc.h2.H2ConnectionFactoryInMemoryTest.databaseClosedAfterFactoryClose,io.r2dbc.h2.H2ConnectionFactoryInMemoryTest.retainsStateAfterRunningCommand,io.r2dbc.h2.H2ConnectionFactoryInMemoryTest.shouldCreateInMemoryDatabase,io.r2dbc.h2.H2ConnectionFactoryTest.create,io.r2dbc.h2.H2ConnectionFactoryTest.createInMemoryDatabase,io.r2dbc.h2.H2ConnectionIntegrationTest.getMetadata,io.r2dbc.h2.H2LobIntegrationTest.testBigBlob,io.r2dbc.h2.H2LobIntegrationTest.testBigClob,io.r2dbc.h2.H2LobIntegrationTest.testNullBlob,io.r2dbc.h2.H2LobIntegrationTest.testNullClob,io.r2dbc.h2.H2LobIntegrationTest.testSmallBlob,io.r2dbc.h2.H2LobIntegrationTest.testSmallClob,io.r2dbc.h2.H2RemoteAccessTest.tcpByUrlWorks,io.r2dbc.h2.H2RemoteAccessTest.tcpWithHostnameAndPortWorks,io.r2dbc.h2.H2RemoteAccessTest.tcpWithHostnameButNoPortWorks,io.r2dbc.h2.H2RowTest.selectWithAliases,io.r2dbc.h2.H2RowTest.selectWithoutAliases,io.r2dbc.h2.H2StatementTest.executeErrorResponse,io.r2dbc.h2.H2StatementTest.returnGenerateValuesNoArguments,io.r2dbc.h2.H2StatementTest.returnGeneratedValues","io.r2dbc.h2.H2ConnectionFactoryInMemoryTest.closedDatabaseShutsDownClientSessions,io.r2dbc.h2.H2ConnectionFactoryInMemoryTest.shouldCreateInMemoryDatabase,io.r2dbc.h2.H2ConnectionFactoryTest.create,io.r2dbc.h2.H2ConnectionFactoryTest.createInMemoryDatabase,io.r2dbc.h2.H2ConnectionIntegrationTest.getMetadata,io.r2dbc.h2.H2LobIntegrationTest.testBigBlob,io.r2dbc.h2.H2LobIntegrationTest.testBigClob,io.r2dbc.h2.H2LobIntegrationTest.testNullBlob,io.r2dbc.h2.H2LobIntegrationTest.testNullClob,io.r2dbc.h2.H2LobIntegrationTest.testSmallBlob,io.r2dbc.h2.H2LobIntegrationTest.testSmallClob,io.r2dbc.h2.H2RemoteAccessTest.tcpByUrlWorks,io.r2dbc.h2.H2RemoteAccessTest.tcpWithHostnameAndPortWorks,io.r2dbc.h2.H2RemoteAccessTest.tcpWithHostnameButNoPortWorks,io.r2dbc.h2.H2RowTest.selectWithAliases,io.r2dbc.h2.H2RowTest.selectWithoutAliases,io.r2dbc.h2.H2StatementTest.executeErrorResponse,io.r2dbc.h2.H2StatementTest.returnGenerateValuesNoArguments,io.r2dbc.h2.H2StatementTest.returnGeneratedValues"
r2dbc-h2,io.r2dbc.h2.codecs.DefaultCodecs.createCodecs,1,1,20,17,"io.r2dbc.h2.H2ConnectionFactoryInMemoryTest.closedDatabaseFailsToCreateConnections,io.r2dbc.h2.H2ConnectionFactoryInMemoryTest.closedDatabaseShutsDownClientSessions,io.r2dbc.h2.H2ConnectionFactoryInMemoryTest.databaseClosedAfterFactoryClose,io.r2dbc.h2.H2ConnectionFactoryInMemoryTest.retainsStateAfterRunningCommand,io.r2dbc.h2.H2ConnectionFactoryInMemoryTest.shouldCreateInMemoryDatabase,io.r2dbc.h2.H2ConnectionFactoryTest.create,io.r2dbc.h2.H2ConnectionFactoryTest.createInMemoryDatabase,io.r2dbc.h2.H2ConnectionIntegrationTest.getMetadata,io.r2dbc.h2.H2RemoteAccessTest.tcpByUrlWorks,io.r2dbc.h2.H2RemoteAccessTest.tcpWithHostnameAndPortWorks,io.r2dbc.h2.H2RemoteAccessTest.tcpWithHostnameButNoPortWorks,io.r2dbc.h2.H2RowTest.selectWithAliases,io.r2dbc.h2.H2RowTest.selectWithoutAliases,io.r2dbc.h2.H2StatementTest.executeErrorResponse,io.r2dbc.h2.H2StatementTest.returnGenerateValuesNoArguments,io.r2dbc.h2.H2StatementTest.returnGeneratedValues,io.r2dbc.h2.codecs.DefaultCodecsTest.createCodecsWithNonOptionalCodecsAndNoDuplicates,io.r2dbc.h2.codecs.DefaultCodecsTest.createCodecsWithOptionalCodecsAndNoDuplicates,io.r2dbc.h2.codecs.DefaultCodecsTest.decode,io.r2dbc.h2.codecs.DefaultCodecsTest.encode","io.r2dbc.h2.H2ConnectionFactoryInMemoryTest.closedDatabaseShutsDownClientSessions,io.r2dbc.h2.H2ConnectionFactoryInMemoryTest.shouldCreateInMemoryDatabase,io.r2dbc.h2.H2ConnectionFactoryTest.create,io.r2dbc.h2.H2ConnectionFactoryTest.createInMemoryDatabase,io.r2dbc.h2.H2ConnectionIntegrationTest.getMetadata,io.r2dbc.h2.H2RemoteAccessTest.tcpByUrlWorks,io.r2dbc.h2.H2RemoteAccessTest.tcpWithHostnameAndPortWorks,io.r2dbc.h2.H2RemoteAccessTest.tcpWithHostnameButNoPortWorks,io.r2dbc.h2.H2RowTest.selectWithAliases,io.r2dbc.h2.H2RowTest.selectWithoutAliases,io.r2dbc.h2.H2StatementTest.executeErrorResponse,io.r2dbc.h2.H2StatementTest.returnGenerateValuesNoArguments,io.r2dbc.h2.H2StatementTest.returnGeneratedValues,io.r2dbc.h2.codecs.DefaultCodecsTest.createCodecsWithNonOptionalCodecsAndNoDuplicates,io.r2dbc.h2.codecs.DefaultCodecsTest.createCodecsWithOptionalCodecsAndNoDuplicates,io.r2dbc.h2.codecs.DefaultCodecsTest.decode,io.r2dbc.h2.codecs.DefaultCodecsTest.encode"
r2dbc-h2,io.r2dbc.h2.H2Example.NamedParameterStyle.getJdbcOperations,0,0,0,0,,
r2dbc-h2,io.r2dbc.h2.H2ConnectionConfiguration.toString,0,0,0,0,,
r2dbc-h2,io.r2dbc.h2.client.Binding.hashCode,0,0,0,0,,
r2dbc-h2,io.r2dbc.h2.H2ColumnMetadata.getPrecision,1,1,1,1,io.r2dbc.h2.H2ColumnMetadataTest.toColumnMetadata,io.r2dbc.h2.H2ColumnMetadataTest.toColumnMetadata
r2dbc-h2,io.r2dbc.h2.codecs.LocalTimeCodec.doDecode,1,0,1,0,io.r2dbc.h2.codecs.LocalTimeCodecTest.decode,
r2dbc-h2,io.r2dbc.h2.codecs.ByteBufferInputStream.reset,0,0,0,0,,
r2dbc-h2,io.r2dbc.h2.codecs.LocalTimeCodec.doCanDecode,0,0,0,0,,
r2dbc-h2,io.r2dbc.h2.codecs.UuidCodec.doEncode,1,1,1,1,io.r2dbc.h2.codecs.UuidCodecTest.doEncode,io.r2dbc.h2.codecs.UuidCodecTest.doEncode
r2dbc-h2,io.r2dbc.h2.util.H2ServerExtension.beforeAll,1,1,2,2,"io.r2dbc.h2.H2StatementTest.returnGenerateValuesNoArguments,io.r2dbc.h2.H2StatementTest.returnGeneratedValues","io.r2dbc.h2.H2StatementTest.returnGenerateValuesNoArguments,io.r2dbc.h2.H2StatementTest.returnGeneratedValues"
r2dbc-h2,io.r2dbc.h2.client.SessionClient.prepareCommand,1,1,14,11,"io.r2dbc.h2.H2ConnectionFactoryInMemoryTest.databaseClosedAfterFactoryClose,io.r2dbc.h2.H2ConnectionFactoryInMemoryTest.retainsStateAfterRunningCommand,io.r2dbc.h2.H2ConnectionIntegrationTest.getMetadata,io.r2dbc.h2.H2LobIntegrationTest.testBigBlob,io.r2dbc.h2.H2LobIntegrationTest.testBigClob,io.r2dbc.h2.H2LobIntegrationTest.testNullBlob,io.r2dbc.h2.H2LobIntegrationTest.testNullClob,io.r2dbc.h2.H2LobIntegrationTest.testSmallClob,io.r2dbc.h2.H2RemoteAccessTest.tcpByUrlWorks,io.r2dbc.h2.H2RemoteAccessTest.tcpWithHostnameAndPortWorks,io.r2dbc.h2.H2RemoteAccessTest.tcpWithHostnameButNoPortWorks,io.r2dbc.h2.H2RowTest.selectWithAliases,io.r2dbc.h2.H2RowTest.selectWithoutAliases,io.r2dbc.h2.H2StatementTest.returnGeneratedValues","io.r2dbc.h2.H2ConnectionIntegrationTest.getMetadata,io.r2dbc.h2.H2LobIntegrationTest.testBigBlob,io.r2dbc.h2.H2LobIntegrationTest.testNullBlob,io.r2dbc.h2.H2LobIntegrationTest.testNullClob,io.r2dbc.h2.H2LobIntegrationTest.testSmallClob,io.r2dbc.h2.H2RemoteAccessTest.tcpByUrlWorks,io.r2dbc.h2.H2RemoteAccessTest.tcpWithHostnameAndPortWorks,io.r2dbc.h2.H2RemoteAccessTest.tcpWithHostnameButNoPortWorks,io.r2dbc.h2.H2RowTest.selectWithAliases,io.r2dbc.h2.H2RowTest.selectWithoutAliases,io.r2dbc.h2.H2StatementTest.returnGeneratedValues"
r2dbc-h2,io.r2dbc.h2.codecs.LongCodec.doEncode,1,1,2,2,"io.r2dbc.h2.codecs.LongCodecTest.doEncode,io.r2dbc.h2.codecs.LongCodecTest.doEncodeNoValue","io.r2dbc.h2.codecs.LongCodecTest.doEncode,io.r2dbc.h2.codecs.LongCodecTest.doEncodeNoValue"
r2dbc-h2,io.r2dbc.h2.codecs.MockCodecs.Decoding.hashCode,0,0,0,0,,
r2dbc-h2,io.r2dbc.h2.H2Statement.bind,1,1,14,14,"io.r2dbc.h2.H2LobIntegrationTest.testBigBlob,io.r2dbc.h2.H2LobIntegrationTest.testBigClob,io.r2dbc.h2.H2LobIntegrationTest.testSmallBlob,io.r2dbc.h2.H2LobIntegrationTest.testSmallClob,io.r2dbc.h2.H2StatementTest.bind,io.r2dbc.h2.H2StatementTest.bindIndex,io.r2dbc.h2.H2StatementTest.bindNoIdentifier,io.r2dbc.h2.H2StatementTest.bindNoValue,io.r2dbc.h2.H2StatementTest.bindWithPositionNumberAsObject,io.r2dbc.h2.H2StatementTest.bindWithQuestionMark,io.r2dbc.h2.H2StatementTest.bindWrongIdentifierFormat,io.r2dbc.h2.H2StatementTest.execute,io.r2dbc.h2.H2StatementTest.shouldNotAcceptDollarAlone,io.r2dbc.h2.H2StatementTest.shouldNotAcceptQuestionMarkAlone","io.r2dbc.h2.H2LobIntegrationTest.testBigBlob,io.r2dbc.h2.H2LobIntegrationTest.testBigClob,io.r2dbc.h2.H2LobIntegrationTest.testSmallBlob,io.r2dbc.h2.H2LobIntegrationTest.testSmallClob,io.r2dbc.h2.H2StatementTest.bind,io.r2dbc.h2.H2StatementTest.bindIndex,io.r2dbc.h2.H2StatementTest.bindNoIdentifier,io.r2dbc.h2.H2StatementTest.bindNoValue,io.r2dbc.h2.H2StatementTest.bindWithPositionNumberAsObject,io.r2dbc.h2.H2StatementTest.bindWithQuestionMark,io.r2dbc.h2.H2StatementTest.bindWrongIdentifierFormat,io.r2dbc.h2.H2StatementTest.execute,io.r2dbc.h2.H2StatementTest.shouldNotAcceptDollarAlone,io.r2dbc.h2.H2StatementTest.shouldNotAcceptQuestionMarkAlone"
r2dbc-h2,io.r2dbc.h2.H2ConnectionConfiguration.Builder.tcp,0,0,0,0,,
r2dbc-h2,io.r2dbc.h2.codecs.StringCodec.doCanDecode,1,1,1,1,io.r2dbc.h2.codecs.StringCodecTest.doCanDecode,io.r2dbc.h2.codecs.StringCodecTest.doCanDecode
r2dbc-h2,io.r2dbc.h2.codecs.IntervalCodec.doCanDecode,1,1,1,1,io.r2dbc.h2.codecs.IntervalCodecTest.doCanDecode,io.r2dbc.h2.codecs.IntervalCodecTest.doCanDecode
r2dbc-h2,io.r2dbc.h2.H2RowMetadata.remove,0,0,0,0,,
r2dbc-h2,io.r2dbc.h2.codecs.AbstractCodec.encode,1,0,5,0,"io.r2dbc.h2.H2LobIntegrationTest.testBigBlob,io.r2dbc.h2.H2LobIntegrationTest.testBigClob,io.r2dbc.h2.H2LobIntegrationTest.testSmallBlob,io.r2dbc.h2.H2LobIntegrationTest.testSmallClob,io.r2dbc.h2.codecs.DefaultCodecsTest.encode",
r2dbc-h2,io.r2dbc.h2.codecs.MockCodecs.empty,1,1,17,17,"io.r2dbc.h2.H2BatchTest.constructorNoClient,io.r2dbc.h2.H2BatchTest.execute,io.r2dbc.h2.H2ColumnMetadataTest.toColumnMetadataNoResult,io.r2dbc.h2.H2ConnectionTest.beginTransaction,io.r2dbc.h2.H2ConnectionTest.commitTransaction,io.r2dbc.h2.H2ConnectionTest.commitTransactionNonOpen,io.r2dbc.h2.H2ConnectionTest.constructorNoClient,io.r2dbc.h2.H2ConnectionTest.createBatch,io.r2dbc.h2.H2ConnectionTest.createSavepoint,io.r2dbc.h2.H2ConnectionTest.createStatement,io.r2dbc.h2.H2ConnectionTest.releaseSavepoint,io.r2dbc.h2.H2ConnectionTest.rollbackTransactionNonOpen,io.r2dbc.h2.H2ConnectionTest.rollbackTransactionToSavepoint,io.r2dbc.h2.H2ConnectionTest.setTransactionIsolationLevel,io.r2dbc.h2.H2ConnectionTest.setTransactionIsolationLevelReadUncommitted,io.r2dbc.h2.H2ResultTest.toResultNoResult,io.r2dbc.h2.H2RowMetadataTest.toRowMetadataNoResult","io.r2dbc.h2.H2BatchTest.constructorNoClient,io.r2dbc.h2.H2BatchTest.execute,io.r2dbc.h2.H2ColumnMetadataTest.toColumnMetadataNoResult,io.r2dbc.h2.H2ConnectionTest.beginTransaction,io.r2dbc.h2.H2ConnectionTest.commitTransaction,io.r2dbc.h2.H2ConnectionTest.commitTransactionNonOpen,io.r2dbc.h2.H2ConnectionTest.constructorNoClient,io.r2dbc.h2.H2ConnectionTest.createBatch,io.r2dbc.h2.H2ConnectionTest.createSavepoint,io.r2dbc.h2.H2ConnectionTest.createStatement,io.r2dbc.h2.H2ConnectionTest.releaseSavepoint,io.r2dbc.h2.H2ConnectionTest.rollbackTransactionNonOpen,io.r2dbc.h2.H2ConnectionTest.rollbackTransactionToSavepoint,io.r2dbc.h2.H2ConnectionTest.setTransactionIsolationLevel,io.r2dbc.h2.H2ConnectionTest.setTransactionIsolationLevelReadUncommitted,io.r2dbc.h2.H2ResultTest.toResultNoResult,io.r2dbc.h2.H2RowMetadataTest.toRowMetadataNoResult"
r2dbc-h2,io.r2dbc.h2.H2ConnectionConfiguration.getPassword,0,0,0,0,,
r2dbc-h2,io.r2dbc.h2.H2Statement.returnGeneratedValues,1,1,2,2,"io.r2dbc.h2.H2StatementTest.returnGenerateValuesNoArguments,io.r2dbc.h2.H2StatementTest.returnGeneratedValues","io.r2dbc.h2.H2StatementTest.returnGenerateValuesNoArguments,io.r2dbc.h2.H2StatementTest.returnGeneratedValues"
r2dbc-h2,io.r2dbc.h2.codecs.MockCodecs.Builder.build,0,0,0,0,,
r2dbc-h2,io.r2dbc.h2.codecs.AbstractCodecTest.MockCodec.doCanDecode,0,0,0,0,,
r2dbc-h2,io.r2dbc.h2.H2ConnectionConfiguration.getUsername,1,0,2,0,"io.r2dbc.h2.H2ConnectionFactoryTest.create,io.r2dbc.h2.H2RowTest.selectWithAliases",
r2dbc-h2,io.r2dbc.h2.H2Row.Column.toString,0,0,0,0,,
r2dbc-h2,io.r2dbc.h2.codecs.BlobToByteBufferCodec.doEncode,1,1,1,1,io.r2dbc.h2.codecs.BlobToByteBufferCodecTest.doEncodeNoValue,io.r2dbc.h2.codecs.BlobToByteBufferCodecTest.doEncodeNoValue
r2dbc-h2,io.r2dbc.h2.H2RowMetadata.getColumnMetadatas,1,1,12,2,"io.r2dbc.h2.H2BatchTest.execute,io.r2dbc.h2.H2LobIntegrationTest.testBigBlob,io.r2dbc.h2.H2LobIntegrationTest.testBigClob,io.r2dbc.h2.H2LobIntegrationTest.testNullBlob,io.r2dbc.h2.H2LobIntegrationTest.testSmallClob,io.r2dbc.h2.H2ResultTest.toResultErrorResponse,io.r2dbc.h2.H2ResultTest.toResultRowDescription,io.r2dbc.h2.H2RowMetadataTest.toRowMetadata,io.r2dbc.h2.H2RowTest.selectWithAliases,io.r2dbc.h2.H2RowTest.selectWithoutAliases,io.r2dbc.h2.H2StatementTest.returnGenerateValuesNoArguments,io.r2dbc.h2.H2StatementTest.returnGeneratedValues","io.r2dbc.h2.H2StatementTest.returnGenerateValuesNoArguments,io.r2dbc.h2.H2StatementTest.returnGeneratedValues"
r2dbc-h2,io.r2dbc.h2.codecs.MockCodecs.decode,1,0,1,0,io.r2dbc.h2.codecs.ArrayCodecTest.decode,
r2dbc-h2,io.r2dbc.h2.H2RowTest.createTable,0,0,0,0,,
r2dbc-h2,io.r2dbc.h2.H2Statement.addIndex,1,0,10,0,"io.r2dbc.h2.H2LobIntegrationTest.testBigBlob,io.r2dbc.h2.H2LobIntegrationTest.testBigClob,io.r2dbc.h2.H2LobIntegrationTest.testSmallBlob,io.r2dbc.h2.H2LobIntegrationTest.testSmallClob,io.r2dbc.h2.H2StatementTest.bind,io.r2dbc.h2.H2StatementTest.bindIndex,io.r2dbc.h2.H2StatementTest.bindNoValue,io.r2dbc.h2.H2StatementTest.bindWithPositionNumberAsObject,io.r2dbc.h2.H2StatementTest.bindWithQuestionMark,io.r2dbc.h2.H2StatementTest.execute",
r2dbc-h2,io.r2dbc.h2.codecs.BlobToByteBufferCodec.BlobInputStreamEnumeration.nextElement,0,0,0,0,,
r2dbc-h2,io.r2dbc.h2.ColumnSource.getColumnName,1,0,1,0,io.r2dbc.h2.H2RowMetadataTest.getColumnMetadataInvalidName,
r2dbc-h2,io.r2dbc.h2.H2ColumnMetadata.toString,0,0,0,0,,
r2dbc-h2,io.r2dbc.h2.codecs.ShortCodec.doEncode,1,1,1,1,io.r2dbc.h2.codecs.ShortCodecTest.doEncode,io.r2dbc.h2.codecs.ShortCodecTest.doEncode
r2dbc-h2,io.r2dbc.h2.codecs.StringCodec.doEncode,1,1,2,2,"io.r2dbc.h2.codecs.StringCodecTest.doEncode,io.r2dbc.h2.codecs.StringCodecTest.doEncodeNoValue","io.r2dbc.h2.codecs.StringCodecTest.doEncode,io.r2dbc.h2.codecs.StringCodecTest.doEncodeNoValue"
r2dbc-h2,io.r2dbc.h2.codecs.ClobToStringCodec.doEncode,0,0,0,0,,
r2dbc-h2,io.r2dbc.h2.codecs.OffsetDateTimeCodec.doCanDecode,0,0,0,0,,
r2dbc-h2,io.r2dbc.h2.ColumnSource.equals,0,0,0,0,,
r2dbc-h2,io.r2dbc.h2.H2ConnectionConfiguration.getUrl,0,0,0,0,,
r2dbc-h2,io.r2dbc.h2.H2ConnectionConfiguration.Builder.option,0,0,0,0,,
r2dbc-h2,io.r2dbc.h2.H2Example.JdbcStyle.getConnectionFactory,0,0,0,0,,
r2dbc-h2,io.r2dbc.h2.codecs.ShortCodec.doDecode,1,0,1,0,io.r2dbc.h2.codecs.ShortCodecTest.decode,
r2dbc-h2,io.r2dbc.h2.codecs.BigDecimalCodec.doCanDecode,1,1,1,1,io.r2dbc.h2.codecs.BigDecimalCodecTest.doCanDecode,io.r2dbc.h2.codecs.BigDecimalCodecTest.doCanDecode
r2dbc-h2,io.r2dbc.h2.codecs.BlobCodec.BlobInputStreamEnumeration.nextElement,0,0,0,0,,
r2dbc-h2,io.r2dbc.h2.H2Example.JdbcStyle.getJdbcOperations,0,0,0,0,,
r2dbc-h2,io.r2dbc.h2.codecs.BytesCodec.doEncode,1,1,2,2,"io.r2dbc.h2.codecs.BytesCodecTest.doEncode,io.r2dbc.h2.codecs.BytesCodecTest.doEncodeNoValue","io.r2dbc.h2.codecs.BytesCodecTest.doEncode,io.r2dbc.h2.codecs.BytesCodecTest.doEncodeNoValue"
r2dbc-h2,io.r2dbc.h2.H2ColumnMetadata.getJavaType,1,1,1,1,io.r2dbc.h2.H2ColumnMetadataTest.toColumnMetadata,io.r2dbc.h2.H2ColumnMetadataTest.toColumnMetadata
r2dbc-h2,io.r2dbc.h2.H2ConnectionFactory.getConnectionInfo,1,0,16,0,"io.r2dbc.h2.H2ConnectionFactoryInMemoryTest.closedDatabaseFailsToCreateConnections,io.r2dbc.h2.H2ConnectionFactoryInMemoryTest.closedDatabaseShutsDownClientSessions,io.r2dbc.h2.H2ConnectionFactoryInMemoryTest.databaseClosedAfterFactoryClose,io.r2dbc.h2.H2ConnectionFactoryInMemoryTest.retainsStateAfterRunningCommand,io.r2dbc.h2.H2ConnectionFactoryInMemoryTest.shouldCreateInMemoryDatabase,io.r2dbc.h2.H2ConnectionFactoryProviderTest.supportsKnownOptions,io.r2dbc.h2.H2ConnectionFactoryTest.create,io.r2dbc.h2.H2ConnectionFactoryTest.createInMemoryDatabase,io.r2dbc.h2.H2RemoteAccessTest.tcpByUrlWorks,io.r2dbc.h2.H2RemoteAccessTest.tcpWithHostnameAndPortWorks,io.r2dbc.h2.H2RemoteAccessTest.tcpWithHostnameButNoPortWorks,io.r2dbc.h2.H2RowTest.selectWithAliases,io.r2dbc.h2.H2RowTest.selectWithoutAliases,io.r2dbc.h2.H2StatementTest.executeErrorResponse,io.r2dbc.h2.H2StatementTest.returnGenerateValuesNoArguments,io.r2dbc.h2.H2StatementTest.returnGeneratedValues",
r2dbc-h2,io.r2dbc.h2.codecs.MockCodecs.encode,1,0,3,0,"io.r2dbc.h2.H2StatementTest.bind,io.r2dbc.h2.H2StatementTest.execute,io.r2dbc.h2.codecs.ArrayCodecTest.encode",
r2dbc-h2,io.r2dbc.h2.codecs.BooleanCodec.doCanDecode,0,0,0,0,,
r2dbc-h2,io.r2dbc.h2.codecs.DefaultCodecs.addOptionalCodecs,1,1,20,1,"io.r2dbc.h2.H2ConnectionFactoryInMemoryTest.closedDatabaseFailsToCreateConnections,io.r2dbc.h2.H2ConnectionFactoryInMemoryTest.closedDatabaseShutsDownClientSessions,io.r2dbc.h2.H2ConnectionFactoryInMemoryTest.databaseClosedAfterFactoryClose,io.r2dbc.h2.H2ConnectionFactoryInMemoryTest.retainsStateAfterRunningCommand,io.r2dbc.h2.H2ConnectionFactoryInMemoryTest.shouldCreateInMemoryDatabase,io.r2dbc.h2.H2ConnectionFactoryTest.create,io.r2dbc.h2.H2ConnectionFactoryTest.createInMemoryDatabase,io.r2dbc.h2.H2ConnectionIntegrationTest.getMetadata,io.r2dbc.h2.H2RemoteAccessTest.tcpByUrlWorks,io.r2dbc.h2.H2RemoteAccessTest.tcpWithHostnameAndPortWorks,io.r2dbc.h2.H2RemoteAccessTest.tcpWithHostnameButNoPortWorks,io.r2dbc.h2.H2RowTest.selectWithAliases,io.r2dbc.h2.H2RowTest.selectWithoutAliases,io.r2dbc.h2.H2StatementTest.executeErrorResponse,io.r2dbc.h2.H2StatementTest.returnGeneratedValues,io.r2dbc.h2.codecs.DefaultCodecsTest.addOptionalCodecsGeometry,io.r2dbc.h2.codecs.DefaultCodecsTest.createCodecsWithNonOptionalCodecsAndNoDuplicates,io.r2dbc.h2.codecs.DefaultCodecsTest.createCodecsWithOptionalCodecsAndNoDuplicates,io.r2dbc.h2.codecs.DefaultCodecsTest.decode,io.r2dbc.h2.codecs.DefaultCodecsTest.encode",io.r2dbc.h2.codecs.DefaultCodecsTest.addOptionalCodecsGeometry
r2dbc-h2,io.r2dbc.h2.codecs.ValueLobBlob.discard,0,0,0,0,,
r2dbc-h2,io.r2dbc.h2.codecs.ClobToStringCodec.doCanDecode,0,0,0,0,,
r2dbc-h2,io.r2dbc.h2.codecs.LocalDateTimeCodec.doCanDecode,0,0,0,0,,
r2dbc-h2,io.r2dbc.h2.H2Batch.execute,1,1,1,1,io.r2dbc.h2.H2BatchTest.execute,io.r2dbc.h2.H2BatchTest.execute
r2dbc-h2,io.r2dbc.h2.codecs.ArrayCodec.doCanDecode,0,0,0,0,,
r2dbc-h2,io.r2dbc.h2.H2Connection.rollbackTransaction,1,1,2,2,"io.r2dbc.h2.H2ConnectionTest.rollbackTransaction,io.r2dbc.h2.H2ConnectionTest.rollbackTransactionNonOpen","io.r2dbc.h2.H2ConnectionTest.rollbackTransaction,io.r2dbc.h2.H2ConnectionTest.rollbackTransactionNonOpen"
r2dbc-h2,io.r2dbc.h2.H2ColumnMetadata.getName,0,0,0,0,,
r2dbc-h2,io.r2dbc.h2.H2Connection.getMetadata,1,1,2,2,"io.r2dbc.h2.H2ConnectionIntegrationTest.getMetadata,io.r2dbc.h2.H2ConnectionTest.getConnectionMetadata","io.r2dbc.h2.H2ConnectionIntegrationTest.getMetadata,io.r2dbc.h2.H2ConnectionTest.getConnectionMetadata"
r2dbc-h2,io.r2dbc.h2.codecs.MockCodecs.builder,1,1,10,3,"io.r2dbc.h2.H2BatchTest.execute,io.r2dbc.h2.H2ColumnMetadataTest.toColumnMetadata,io.r2dbc.h2.H2ColumnMetadataTest.toColumnMetadataNoResult,io.r2dbc.h2.H2ConnectionTest.constructorNoClient,io.r2dbc.h2.H2ConnectionTest.createBatch,io.r2dbc.h2.H2ConnectionTest.releaseSavepoint,io.r2dbc.h2.H2ConnectionTest.setTransactionIsolationLevel,io.r2dbc.h2.H2RowMetadataTest.toRowMetadataNoResult,io.r2dbc.h2.codecs.ArrayCodecTest.decode,io.r2dbc.h2.codecs.ArrayCodecTest.encode","io.r2dbc.h2.H2ColumnMetadataTest.toColumnMetadata,io.r2dbc.h2.codecs.ArrayCodecTest.decode,io.r2dbc.h2.codecs.ArrayCodecTest.encode"
r2dbc-h2,io.r2dbc.h2.H2ConnectionConfiguration.Builder.file,0,0,0,0,,
r2dbc-h2,io.r2dbc.h2.H2RowMetadata.containsAll,0,0,0,0,,
r2dbc-h2,io.r2dbc.h2.Bindings.finish,0,0,0,0,,
r2dbc-h2,io.r2dbc.h2.util.Assert.requireNonNull,1,1,72,18,"io.r2dbc.h2.H2BatchTest.addNoSql,io.r2dbc.h2.H2BatchTest.constructorNoClient,io.r2dbc.h2.H2BatchTest.constructorNoCodecs,io.r2dbc.h2.H2ColumnMetadataTest.constructorNoName,io.r2dbc.h2.H2ColumnMetadataTest.constructorNoNativeType,io.r2dbc.h2.H2ColumnMetadataTest.constructorNoNullability,io.r2dbc.h2.H2ColumnMetadataTest.constructorNoPrecision,io.r2dbc.h2.H2ColumnMetadataTest.constructorNoScale,io.r2dbc.h2.H2ColumnMetadataTest.toColumnMetadataNoCodecs,io.r2dbc.h2.H2ColumnMetadataTest.toColumnMetadataNoResult,io.r2dbc.h2.H2ConnectionFactoryInMemoryTest.closedDatabaseFailsToCreateConnections,io.r2dbc.h2.H2ConnectionFactoryInMemoryTest.shouldCreateInMemoryDatabase,io.r2dbc.h2.H2ConnectionFactoryProviderTest.doesNotSupport,io.r2dbc.h2.H2ConnectionFactoryTest.constructorNoClientFactory,io.r2dbc.h2.H2ConnectionFactoryTest.invalidOptions,io.r2dbc.h2.H2ConnectionTest.constructorNoClient,io.r2dbc.h2.H2ConnectionTest.constructorNoCodecs,io.r2dbc.h2.H2ConnectionTest.createSavepoint,io.r2dbc.h2.H2ConnectionTest.createSavepointNoName,io.r2dbc.h2.H2ConnectionTest.releaseSavepoint,io.r2dbc.h2.H2ConnectionTest.rollbackTransactionNonOpen,io.r2dbc.h2.H2ConnectionTest.rollbackTransactionToSavepoint,io.r2dbc.h2.H2ConnectionTest.setTransactionIsolationLevel,io.r2dbc.h2.H2LobIntegrationTest.testBigBlob,io.r2dbc.h2.H2LobIntegrationTest.testBigClob,io.r2dbc.h2.H2LobIntegrationTest.testNullClob,io.r2dbc.h2.H2LobIntegrationTest.testSmallClob,io.r2dbc.h2.H2ResultTest.constructorNoRowMetadata,io.r2dbc.h2.H2ResultTest.constructorNoRows,io.r2dbc.h2.H2ResultTest.constructorNoRowsUpdated,io.r2dbc.h2.H2ResultTest.toResultNoCodecs,io.r2dbc.h2.H2ResultTest.toResultNoResult,io.r2dbc.h2.H2RowMetadataTest.constructorNoColumnMetadata,io.r2dbc.h2.H2RowMetadataTest.getColumnMetadataNoIdentifier,io.r2dbc.h2.H2RowMetadataTest.toRowMetadataNoCodecs,io.r2dbc.h2.H2RowMetadataTest.toRowMetadataNoResult,io.r2dbc.h2.H2RowTest.selectWithAliases,io.r2dbc.h2.H2RowTest.selectWithoutAliases,io.r2dbc.h2.H2StatementTest.bindIndex,io.r2dbc.h2.H2StatementTest.bindNoIdentifier,io.r2dbc.h2.H2StatementTest.bindNoValue,io.r2dbc.h2.H2StatementTest.bindNullNoIdentifier,io.r2dbc.h2.H2StatementTest.constructorNoClient,io.r2dbc.h2.H2StatementTest.constructorNoSql,io.r2dbc.h2.H2StatementTest.returnGenerateValuesNoArguments,io.r2dbc.h2.client.BindingTest.addNoIndex,io.r2dbc.h2.client.BindingTest.addNoValue,io.r2dbc.h2.codecs.ArrayCodecTest.doEncodeNoValue,io.r2dbc.h2.codecs.BigDecimalCodecTest.doEncode,io.r2dbc.h2.codecs.BlobCodecTest.doEncodeNoValue,io.r2dbc.h2.codecs.BlobToByteBufferCodecTest.doEncodeNoValue,io.r2dbc.h2.codecs.BooleanCodecTest.doEncodeNoValue,io.r2dbc.h2.codecs.ByteCodecTest.doEncode,io.r2dbc.h2.codecs.BytesCodecTest.doEncodeNoValue,io.r2dbc.h2.codecs.ClobCodecTest.doEncodeNoValue,io.r2dbc.h2.codecs.DefaultCodecsTest.decode,io.r2dbc.h2.codecs.DefaultCodecsTest.encode,io.r2dbc.h2.codecs.DoubleCodecTest.doEncodeNoValue,io.r2dbc.h2.codecs.DurationCodecTest.doEncodeNoValue,io.r2dbc.h2.codecs.FloatCodecTest.doEncode,io.r2dbc.h2.codecs.InstantCodecTest.doEncodeNoValue,io.r2dbc.h2.codecs.IntegerCodecTest.doEncode,io.r2dbc.h2.codecs.IntervalCodecTest.doEncode,io.r2dbc.h2.codecs.LocalDateCodecTest.doEncode,io.r2dbc.h2.codecs.LocalDateTimeCodecTest.doEncode,io.r2dbc.h2.codecs.LocalTimeCodecTest.doEncodeNoValue,io.r2dbc.h2.codecs.LongCodecTest.doEncodeNoValue,io.r2dbc.h2.codecs.PeriodCodecTest.doEncode,io.r2dbc.h2.codecs.ShortCodecTest.doEncode,io.r2dbc.h2.codecs.StringCodecTest.doEncodeNoValue,io.r2dbc.h2.codecs.UuidCodecTest.doEncode,io.r2dbc.h2.codecs.ZonedDateTimeCodecTest.doEncodeNoValue","io.r2dbc.h2.H2BatchTest.constructorNoClient,io.r2dbc.h2.H2BatchTest.constructorNoCodecs,io.r2dbc.h2.H2ColumnMetadataTest.constructorNoName,io.r2dbc.h2.H2ColumnMetadataTest.constructorNoNativeType,io.r2dbc.h2.H2ColumnMetadataTest.constructorNoNullability,io.r2dbc.h2.H2ColumnMetadataTest.constructorNoPrecision,io.r2dbc.h2.H2ColumnMetadataTest.constructorNoScale,io.r2dbc.h2.H2ConnectionFactoryTest.constructorNoClientFactory,io.r2dbc.h2.H2ConnectionFactoryTest.invalidOptions,io.r2dbc.h2.H2ConnectionTest.constructorNoClient,io.r2dbc.h2.H2ConnectionTest.constructorNoCodecs,io.r2dbc.h2.H2ConnectionTest.createSavepoint,io.r2dbc.h2.H2ResultTest.constructorNoRowMetadata,io.r2dbc.h2.H2ResultTest.constructorNoRows,io.r2dbc.h2.H2ResultTest.constructorNoRowsUpdated,io.r2dbc.h2.H2RowMetadataTest.constructorNoColumnMetadata,io.r2dbc.h2.H2StatementTest.constructorNoClient,io.r2dbc.h2.H2StatementTest.constructorNoSql"
r2dbc-h2,io.r2dbc.h2.H2Row.hashCode,0,0,0,0,,
r2dbc-h2,io.r2dbc.h2.H2Row.toRow,1,1,11,11,"io.r2dbc.h2.H2LobIntegrationTest.testBigBlob,io.r2dbc.h2.H2LobIntegrationTest.testBigClob,io.r2dbc.h2.H2LobIntegrationTest.testNullBlob,io.r2dbc.h2.H2LobIntegrationTest.testNullClob,io.r2dbc.h2.H2LobIntegrationTest.testSmallBlob,io.r2dbc.h2.H2LobIntegrationTest.testSmallClob,io.r2dbc.h2.H2ResultTest.toResultRowDescription,io.r2dbc.h2.H2RowTest.selectWithAliases,io.r2dbc.h2.H2RowTest.selectWithoutAliases,io.r2dbc.h2.H2StatementTest.returnGenerateValuesNoArguments,io.r2dbc.h2.H2StatementTest.returnGeneratedValues","io.r2dbc.h2.H2LobIntegrationTest.testBigBlob,io.r2dbc.h2.H2LobIntegrationTest.testBigClob,io.r2dbc.h2.H2LobIntegrationTest.testNullBlob,io.r2dbc.h2.H2LobIntegrationTest.testNullClob,io.r2dbc.h2.H2LobIntegrationTest.testSmallBlob,io.r2dbc.h2.H2LobIntegrationTest.testSmallClob,io.r2dbc.h2.H2ResultTest.toResultRowDescription,io.r2dbc.h2.H2RowTest.selectWithAliases,io.r2dbc.h2.H2RowTest.selectWithoutAliases,io.r2dbc.h2.H2StatementTest.returnGenerateValuesNoArguments,io.r2dbc.h2.H2StatementTest.returnGeneratedValues"
r2dbc-h2,io.r2dbc.h2.util.IntegrationTestSupport.beforeAll,0,0,0,0,,
r2dbc-h2,io.r2dbc.h2.H2Connection.beginTransaction,1,1,2,1,"io.r2dbc.h2.H2ConnectionTest.beginTransaction,io.r2dbc.h2.H2ConnectionTest.createSavepoint",io.r2dbc.h2.H2ConnectionTest.beginTransaction
r2dbc-h2,io.r2dbc.h2.H2ConnectionMetadata.getDatabaseVersion,0,0,0,0,,
r2dbc-h2,io.r2dbc.h2.H2ConnectionConfiguration.Builder.build,0,0,0,0,,
r2dbc-h2,io.r2dbc.h2.H2RowMetadata.toRowMetadata,1,1,16,3,"io.r2dbc.h2.H2BatchTest.execute,io.r2dbc.h2.H2LobIntegrationTest.testBigBlob,io.r2dbc.h2.H2LobIntegrationTest.testBigClob,io.r2dbc.h2.H2LobIntegrationTest.testNullBlob,io.r2dbc.h2.H2LobIntegrationTest.testSmallBlob,io.r2dbc.h2.H2LobIntegrationTest.testSmallClob,io.r2dbc.h2.H2ResultTest.toResultErrorResponse,io.r2dbc.h2.H2ResultTest.toResultRowDescription,io.r2dbc.h2.H2RowMetadataTest.toRowMetadata,io.r2dbc.h2.H2RowMetadataTest.toRowMetadataNoCodecs,io.r2dbc.h2.H2RowMetadataTest.toRowMetadataNoResult,io.r2dbc.h2.H2RowTest.selectWithAliases,io.r2dbc.h2.H2RowTest.selectWithoutAliases,io.r2dbc.h2.H2StatementTest.execute,io.r2dbc.h2.H2StatementTest.returnGenerateValuesNoArguments,io.r2dbc.h2.H2StatementTest.returnGeneratedValues","io.r2dbc.h2.H2RowMetadataTest.toRowMetadata,io.r2dbc.h2.H2RowMetadataTest.toRowMetadataNoCodecs,io.r2dbc.h2.H2RowMetadataTest.toRowMetadataNoResult"
r2dbc-h2,io.r2dbc.h2.client.SessionClient.close,1,0,4,0,"io.r2dbc.h2.H2RowTest.selectWithAliases,io.r2dbc.h2.H2RowTest.selectWithoutAliases,io.r2dbc.h2.H2StatementTest.returnGenerateValuesNoArguments,io.r2dbc.h2.H2StatementTest.returnGeneratedValues",
r2dbc-h2,io.r2dbc.h2.codecs.ClobCodec.doEncode,1,1,3,1,"io.r2dbc.h2.H2LobIntegrationTest.testBigClob,io.r2dbc.h2.H2LobIntegrationTest.testSmallClob,io.r2dbc.h2.codecs.ClobCodecTest.doEncodeNoValue",io.r2dbc.h2.codecs.ClobCodecTest.doEncodeNoValue
r2dbc-h2,io.r2dbc.h2.H2RowMetadata.removeAll,0,0,0,0,,
r2dbc-h2,io.r2dbc.h2.codecs.BlobCodec.doCanDecode,1,1,1,1,io.r2dbc.h2.codecs.BlobCodecTest.doCanDecode,io.r2dbc.h2.codecs.BlobCodecTest.doCanDecode
r2dbc-h2,io.r2dbc.h2.codecs.AbstractCodec.encodeNull,1,0,1,0,io.r2dbc.h2.H2LobIntegrationTest.testNullClob,
r2dbc-h2,io.r2dbc.h2.codecs.PeriodCodec.doCanDecode,0,0,0,0,,
r2dbc-h2,io.r2dbc.h2.codecs.IntervalCodecTest.setUp,0,0,0,0,,
r2dbc-h2,io.r2dbc.h2.codecs.LocalDateTimeCodec.doDecode,1,0,1,0,io.r2dbc.h2.codecs.LocalDateTimeCodecTest.decode,
r2dbc-h2,io.r2dbc.h2.H2RemoteAccessTest.startupRemoteDatabase,0,0,0,0,,
r2dbc-h2,io.r2dbc.h2.H2Example.NamedParameterStyle.getConnectionFactory,0,0,0,0,,
r2dbc-h2,io.r2dbc.h2.client.Binding.toString,0,0,0,0,,
r2dbc-h2,io.r2dbc.h2.H2Example.NamedParameterStyle.getIdentifier,0,0,0,0,,
r2dbc-h2,io.r2dbc.h2.codecs.AbstractCodec.canEncode,1,0,4,0,"io.r2dbc.h2.H2LobIntegrationTest.testBigBlob,io.r2dbc.h2.H2LobIntegrationTest.testSmallBlob,io.r2dbc.h2.H2LobIntegrationTest.testSmallClob,io.r2dbc.h2.codecs.DefaultCodecsTest.encode",
r2dbc-h2,io.r2dbc.h2.H2Batch.add,1,1,2,2,"io.r2dbc.h2.H2BatchTest.addNoSql,io.r2dbc.h2.H2BatchTest.execute","io.r2dbc.h2.H2BatchTest.addNoSql,io.r2dbc.h2.H2BatchTest.execute"
r2dbc-h2,io.r2dbc.h2.H2Row.getColumn,1,0,7,0,"io.r2dbc.h2.H2LobIntegrationTest.testBigClob,io.r2dbc.h2.H2LobIntegrationTest.testNullClob,io.r2dbc.h2.H2LobIntegrationTest.testSmallBlob,io.r2dbc.h2.H2RowTest.selectWithAliases,io.r2dbc.h2.H2RowTest.selectWithoutAliases,io.r2dbc.h2.H2StatementTest.returnGenerateValuesNoArguments,io.r2dbc.h2.H2StatementTest.returnGeneratedValues",
r2dbc-h2,io.r2dbc.h2.codecs.ClobCodec.doCanDecode,0,0,0,0,,
r2dbc-h2,io.r2dbc.h2.H2RowTest.dropTable,0,0,0,0,,
r2dbc-h2,io.r2dbc.h2.H2RowMetadata.getColumnNames,0,0,0,0,,
r2dbc-h2,io.r2dbc.h2.codecs.IntegerCodec.doCanDecode,0,0,0,0,,
r2dbc-h2,io.r2dbc.h2.codecs.OffsetDateTimeCodec.doEncode,0,0,0,0,,
r2dbc-h2,io.r2dbc.h2.H2Connection.close,1,1,6,5,"io.r2dbc.h2.H2ConnectionFactoryInMemoryTest.closedDatabaseFailsToCreateConnections,io.r2dbc.h2.H2ConnectionTest.close,io.r2dbc.h2.H2RowTest.selectWithAliases,io.r2dbc.h2.H2RowTest.selectWithoutAliases,io.r2dbc.h2.H2StatementTest.returnGenerateValuesNoArguments,io.r2dbc.h2.H2StatementTest.returnGeneratedValues","io.r2dbc.h2.H2ConnectionTest.close,io.r2dbc.h2.H2RowTest.selectWithAliases,io.r2dbc.h2.H2RowTest.selectWithoutAliases,io.r2dbc.h2.H2StatementTest.returnGenerateValuesNoArguments,io.r2dbc.h2.H2StatementTest.returnGeneratedValues"
r2dbc-h2,io.r2dbc.h2.codecs.AbstractCodec.type,0,0,0,0,,
r2dbc-h2,io.r2dbc.h2.Bindings.getCurrent,0,0,0,0,,
r2dbc-h2,io.r2dbc.h2.codecs.ZonedDateTimeCodec.doCanDecode,0,0,0,0,,
r2dbc-h2,io.r2dbc.h2.codecs.ByteBufferInputStream.close,1,0,1,0,io.r2dbc.h2.H2LobIntegrationTest.testBigBlob,
r2dbc-h2,io.r2dbc.h2.client.SessionClient.inTransaction,0,0,0,0,,
r2dbc-h2,io.r2dbc.h2.H2RowMetadata.clear,0,0,0,0,,
r2dbc-h2,io.r2dbc.h2.codecs.ByteBufferInputStream.skip,0,0,0,0,,
r2dbc-h2,io.r2dbc.h2.H2ConnectionFactoryProvider.create,1,1,3,3,"io.r2dbc.h2.H2ConnectionFactoryProviderTest.supportsKnownOptions,io.r2dbc.h2.H2StatementTest.returnGenerateValuesNoArguments,io.r2dbc.h2.H2StatementTest.returnGeneratedValues","io.r2dbc.h2.H2ConnectionFactoryProviderTest.supportsKnownOptions,io.r2dbc.h2.H2StatementTest.returnGenerateValuesNoArguments,io.r2dbc.h2.H2StatementTest.returnGeneratedValues"
r2dbc-h2,io.r2dbc.h2.ColumnSource.getNameKeyedColumns,1,1,8,3,"io.r2dbc.h2.H2BatchTest.execute,io.r2dbc.h2.H2LobIntegrationTest.testNullBlob,io.r2dbc.h2.H2RowMetadataTest.getColumnMetadataInvalidIndex,io.r2dbc.h2.H2RowMetadataTest.getColumnMetadataInvalidName,io.r2dbc.h2.H2RowMetadataTest.getColumnMetadataNoIdentifier,io.r2dbc.h2.H2RowTest.selectWithAliases,io.r2dbc.h2.H2StatementTest.execute,io.r2dbc.h2.H2StatementTest.returnGenerateValuesNoArguments","io.r2dbc.h2.H2RowMetadataTest.getColumnMetadataInvalidIndex,io.r2dbc.h2.H2RowMetadataTest.getColumnMetadataInvalidName,io.r2dbc.h2.H2RowMetadataTest.getColumnMetadataNoIdentifier"
r2dbc-h2,io.r2dbc.h2.H2Row.Column.hashCode,0,0,0,0,,
r2dbc-h2,io.r2dbc.h2.codecs.PeriodCodec.doDecode,1,0,1,0,io.r2dbc.h2.codecs.PeriodCodecTest.decode,
r2dbc-h2,io.r2dbc.h2.codecs.InstantCodec.doEncode,1,1,1,1,io.r2dbc.h2.codecs.InstantCodecTest.doEncodeNoValue,io.r2dbc.h2.codecs.InstantCodecTest.doEncodeNoValue
r2dbc-h2,io.r2dbc.h2.H2RowMetadata.add,0,0,0,0,,
r2dbc-h2,io.r2dbc.h2.H2LobIntegrationTest.createTable,1,1,6,6,"io.r2dbc.h2.H2LobIntegrationTest.testBigBlob,io.r2dbc.h2.H2LobIntegrationTest.testBigClob,io.r2dbc.h2.H2LobIntegrationTest.testNullBlob,io.r2dbc.h2.H2LobIntegrationTest.testNullClob,io.r2dbc.h2.H2LobIntegrationTest.testSmallBlob,io.r2dbc.h2.H2LobIntegrationTest.testSmallClob","io.r2dbc.h2.H2LobIntegrationTest.testBigBlob,io.r2dbc.h2.H2LobIntegrationTest.testBigClob,io.r2dbc.h2.H2LobIntegrationTest.testNullBlob,io.r2dbc.h2.H2LobIntegrationTest.testNullClob,io.r2dbc.h2.H2LobIntegrationTest.testSmallBlob,io.r2dbc.h2.H2LobIntegrationTest.testSmallClob"
r2dbc-h2,io.r2dbc.h2.codecs.MockCodecs.Decoding.equals,0,0,0,0,,
r2dbc-h2,io.r2dbc.h2.CommandUtil.clearForReuse,1,1,5,3,"io.r2dbc.h2.H2BatchTest.execute,io.r2dbc.h2.H2ConnectionFactoryInMemoryTest.databaseClosedAfterFactoryClose,io.r2dbc.h2.H2LobIntegrationTest.testSmallBlob,io.r2dbc.h2.H2LobIntegrationTest.testSmallClob,io.r2dbc.h2.H2RowTest.selectWithAliases","io.r2dbc.h2.H2BatchTest.execute,io.r2dbc.h2.H2LobIntegrationTest.testSmallClob,io.r2dbc.h2.H2RowTest.selectWithAliases"
r2dbc-h2,io.r2dbc.h2.codecs.IntegerCodec.doEncode,1,1,2,1,"io.r2dbc.h2.codecs.DefaultCodecsTest.encode,io.r2dbc.h2.codecs.IntegerCodecTest.doEncode",io.r2dbc.h2.codecs.IntegerCodecTest.doEncode
r2dbc-h2,io.r2dbc.h2.codecs.IntervalCodec.doEncode,1,1,1,1,io.r2dbc.h2.codecs.IntervalCodecTest.doEncode,io.r2dbc.h2.codecs.IntervalCodecTest.doEncode
r2dbc-h2,io.r2dbc.h2.codecs.DurationCodec.doDecode,1,0,1,0,io.r2dbc.h2.codecs.DurationCodecTest.decode,
r2dbc-h2,io.r2dbc.h2.codecs.UuidCodec.doCanDecode,0,0,0,0,,
r2dbc-h2,io.r2dbc.h2.H2Row.get,1,1,10,10,"io.r2dbc.h2.H2LobIntegrationTest.testBigBlob,io.r2dbc.h2.H2LobIntegrationTest.testBigClob,io.r2dbc.h2.H2LobIntegrationTest.testNullBlob,io.r2dbc.h2.H2LobIntegrationTest.testNullClob,io.r2dbc.h2.H2LobIntegrationTest.testSmallBlob,io.r2dbc.h2.H2LobIntegrationTest.testSmallClob,io.r2dbc.h2.H2RowTest.selectWithAliases,io.r2dbc.h2.H2RowTest.selectWithoutAliases,io.r2dbc.h2.H2StatementTest.returnGenerateValuesNoArguments,io.r2dbc.h2.H2StatementTest.returnGeneratedValues","io.r2dbc.h2.H2LobIntegrationTest.testBigBlob,io.r2dbc.h2.H2LobIntegrationTest.testBigClob,io.r2dbc.h2.H2LobIntegrationTest.testNullBlob,io.r2dbc.h2.H2LobIntegrationTest.testNullClob,io.r2dbc.h2.H2LobIntegrationTest.testSmallBlob,io.r2dbc.h2.H2LobIntegrationTest.testSmallClob,io.r2dbc.h2.H2RowTest.selectWithAliases,io.r2dbc.h2.H2RowTest.selectWithoutAliases,io.r2dbc.h2.H2StatementTest.returnGenerateValuesNoArguments,io.r2dbc.h2.H2StatementTest.returnGeneratedValues"
r2dbc-h2,io.r2dbc.h2.codecs.PeriodCodec.doEncode,1,1,1,1,io.r2dbc.h2.codecs.PeriodCodecTest.doEncode,io.r2dbc.h2.codecs.PeriodCodecTest.doEncode
r2dbc-h2,io.r2dbc.h2.codecs.MockCodecs.encodeNull,0,0,0,0,,
r2dbc-h2,io.r2dbc.h2.H2Result.toString,0,0,0,0,,
r2dbc-h2,io.r2dbc.h2.H2Row.Column.getValue,0,0,0,0,,
r2dbc-h2,io.r2dbc.h2.codecs.BlobCodec.BlobInputStreamEnumeration.hasMoreElements,0,0,0,0,,
r2dbc-h2,io.r2dbc.h2.codecs.IntervalCodec.doDecode,1,0,1,0,io.r2dbc.h2.codecs.IntervalCodecTest.decode,
r2dbc-h2,io.r2dbc.h2.codecs.ByteCodec.doEncode,1,1,1,1,io.r2dbc.h2.codecs.ByteCodecTest.doEncode,io.r2dbc.h2.codecs.ByteCodecTest.doEncode
r2dbc-h2,io.r2dbc.h2.codecs.ByteBufferInputStream.read,1,0,2,0,"io.r2dbc.h2.H2LobIntegrationTest.testBigBlob,io.r2dbc.h2.H2LobIntegrationTest.testSmallBlob",
r2dbc-h2,io.r2dbc.h2.H2ConnectionFactoryProvider.supports,1,1,6,6,"io.r2dbc.h2.H2ConnectionFactoryProviderTest.doesNotSupport,io.r2dbc.h2.H2ConnectionFactoryProviderTest.doesNotSupportWithWrongDriver,io.r2dbc.h2.H2ConnectionFactoryProviderTest.supportsKnownOptions,io.r2dbc.h2.H2ConnectionFactoryProviderTest.supportsWithProtocolAndDatabase,io.r2dbc.h2.H2ConnectionFactoryProviderTest.supportsWithUrl,io.r2dbc.h2.H2StatementTest.returnGeneratedValues","io.r2dbc.h2.H2ConnectionFactoryProviderTest.doesNotSupport,io.r2dbc.h2.H2ConnectionFactoryProviderTest.doesNotSupportWithWrongDriver,io.r2dbc.h2.H2ConnectionFactoryProviderTest.supportsKnownOptions,io.r2dbc.h2.H2ConnectionFactoryProviderTest.supportsWithProtocolAndDatabase,io.r2dbc.h2.H2ConnectionFactoryProviderTest.supportsWithUrl,io.r2dbc.h2.H2StatementTest.returnGeneratedValues"
r2dbc-h2,io.r2dbc.h2.H2ConnectionFactory.create,1,1,9,9,"io.r2dbc.h2.H2ConnectionFactoryProviderTest.supportsKnownOptions,io.r2dbc.h2.H2ConnectionFactoryTest.create,io.r2dbc.h2.H2RemoteAccessTest.tcpByUrlWorks,io.r2dbc.h2.H2RemoteAccessTest.tcpWithHostnameAndPortWorks,io.r2dbc.h2.H2RemoteAccessTest.tcpWithHostnameButNoPortWorks,io.r2dbc.h2.H2RowTest.selectWithAliases,io.r2dbc.h2.H2StatementTest.executeErrorResponse,io.r2dbc.h2.H2StatementTest.returnGenerateValuesNoArguments,io.r2dbc.h2.H2StatementTest.returnGeneratedValues","io.r2dbc.h2.H2ConnectionFactoryProviderTest.supportsKnownOptions,io.r2dbc.h2.H2ConnectionFactoryTest.create,io.r2dbc.h2.H2RemoteAccessTest.tcpByUrlWorks,io.r2dbc.h2.H2RemoteAccessTest.tcpWithHostnameAndPortWorks,io.r2dbc.h2.H2RemoteAccessTest.tcpWithHostnameButNoPortWorks,io.r2dbc.h2.H2RowTest.selectWithAliases,io.r2dbc.h2.H2StatementTest.executeErrorResponse,io.r2dbc.h2.H2StatementTest.returnGenerateValuesNoArguments,io.r2dbc.h2.H2StatementTest.returnGeneratedValues"
r2dbc-h2,io.r2dbc.h2.H2RowTest.getJdbcOperations,0,0,0,0,,
r2dbc-h2,io.r2dbc.h2.codecs.FloatCodec.doEncode,1,1,1,1,io.r2dbc.h2.codecs.FloatCodecTest.doEncode,io.r2dbc.h2.codecs.FloatCodecTest.doEncode
r2dbc-h2,io.r2dbc.h2.client.SessionClient.enableAutoCommit,0,0,0,0,,
r2dbc-h2,io.r2dbc.h2.H2ConnectionFactoryProvider.getDriver,0,0,0,0,,
r2dbc-h2,io.r2dbc.h2.H2Connection.isAutoCommit,0,0,0,0,,
r2dbc-h2,io.r2dbc.h2.util.H2ServerExtension.afterAll,1,1,2,2,"io.r2dbc.h2.H2StatementTest.returnGenerateValuesNoArguments,io.r2dbc.h2.H2StatementTest.returnGeneratedValues","io.r2dbc.h2.H2StatementTest.returnGenerateValuesNoArguments,io.r2dbc.h2.H2StatementTest.returnGeneratedValues"
r2dbc-h2,io.r2dbc.h2.codecs.GeometryCodec.doDecode,1,1,1,1,io.r2dbc.h2.codecs.GeometryCodecTest.doDecode,io.r2dbc.h2.codecs.GeometryCodecTest.doDecode
r2dbc-h2,io.r2dbc.h2.H2Statement.execute,1,1,16,13,"io.r2dbc.h2.H2ConnectionFactoryInMemoryTest.closedDatabaseFailsToCreateConnections,io.r2dbc.h2.H2ConnectionFactoryInMemoryTest.closedDatabaseShutsDownClientSessions,io.r2dbc.h2.H2ConnectionFactoryInMemoryTest.databaseClosedAfterFactoryClose,io.r2dbc.h2.H2ConnectionFactoryInMemoryTest.retainsStateAfterRunningCommand,io.r2dbc.h2.H2LobIntegrationTest.testBigBlob,io.r2dbc.h2.H2LobIntegrationTest.testBigClob,io.r2dbc.h2.H2LobIntegrationTest.testNullBlob,io.r2dbc.h2.H2LobIntegrationTest.testNullClob,io.r2dbc.h2.H2LobIntegrationTest.testSmallBlob,io.r2dbc.h2.H2LobIntegrationTest.testSmallClob,io.r2dbc.h2.H2RowTest.selectWithAliases,io.r2dbc.h2.H2RowTest.selectWithoutAliases,io.r2dbc.h2.H2StatementTest.execute,io.r2dbc.h2.H2StatementTest.executeErrorResponse,io.r2dbc.h2.H2StatementTest.returnGenerateValuesNoArguments,io.r2dbc.h2.H2StatementTest.returnGeneratedValues","io.r2dbc.h2.H2ConnectionFactoryInMemoryTest.closedDatabaseShutsDownClientSessions,io.r2dbc.h2.H2LobIntegrationTest.testBigBlob,io.r2dbc.h2.H2LobIntegrationTest.testBigClob,io.r2dbc.h2.H2LobIntegrationTest.testNullBlob,io.r2dbc.h2.H2LobIntegrationTest.testNullClob,io.r2dbc.h2.H2LobIntegrationTest.testSmallBlob,io.r2dbc.h2.H2LobIntegrationTest.testSmallClob,io.r2dbc.h2.H2RowTest.selectWithAliases,io.r2dbc.h2.H2RowTest.selectWithoutAliases,io.r2dbc.h2.H2StatementTest.execute,io.r2dbc.h2.H2StatementTest.executeErrorResponse,io.r2dbc.h2.H2StatementTest.returnGenerateValuesNoArguments,io.r2dbc.h2.H2StatementTest.returnGeneratedValues"
r2dbc-h2,io.r2dbc.h2.H2Result.next,0,0,0,0,,
r2dbc-h2,io.r2dbc.h2.codecs.MockCodecs.Decoding.toString,0,0,0,0,,
r2dbc-h2,io.r2dbc.h2.codecs.ShortCodec.doCanDecode,0,0,0,0,,
r2dbc-h2,io.r2dbc.h2.codecs.BlobCodec.doEncode,1,1,3,1,"io.r2dbc.h2.H2LobIntegrationTest.testBigBlob,io.r2dbc.h2.H2LobIntegrationTest.testSmallBlob,io.r2dbc.h2.codecs.BlobCodecTest.doEncodeNoValue",io.r2dbc.h2.codecs.BlobCodecTest.doEncodeNoValue
r2dbc-h2,io.r2dbc.h2.H2ConnectionConfiguration.Builder.username,0,0,0,0,,
r2dbc-h2,io.r2dbc.h2.H2Connection.commitTransaction,1,1,2,2,"io.r2dbc.h2.H2ConnectionTest.commitTransaction,io.r2dbc.h2.H2ConnectionTest.commitTransactionNonOpen","io.r2dbc.h2.H2ConnectionTest.commitTransaction,io.r2dbc.h2.H2ConnectionTest.commitTransactionNonOpen"
r2dbc-h2,io.r2dbc.h2.H2Row.toString,0,0,0,0,,
r2dbc-h2,io.r2dbc.h2.codecs.BooleanCodec.doDecode,1,0,1,0,io.r2dbc.h2.codecs.BooleanCodecTest.decode,
r2dbc-h2,io.r2dbc.h2.codecs.ClobToStringCodec.doDecode,0,0,0,0,,
r2dbc-h2,io.r2dbc.h2.codecs.GeometryCodec.doCanDecode,0,0,0,0,,
r2dbc-h2,io.r2dbc.h2.codecs.ValueLobClob.stream,1,1,3,3,"io.r2dbc.h2.H2LobIntegrationTest.testBigClob,io.r2dbc.h2.H2LobIntegrationTest.testSmallClob,io.r2dbc.h2.codecs.ClobCodecTest.decode","io.r2dbc.h2.H2LobIntegrationTest.testBigClob,io.r2dbc.h2.H2LobIntegrationTest.testSmallClob,io.r2dbc.h2.codecs.ClobCodecTest.decode"
r2dbc-h2,io.r2dbc.h2.codecs.LongCodec.doCanDecode,0,0,0,0,,
r2dbc-h2,io.r2dbc.h2.codecs.LongCodec.doDecode,1,0,1,0,io.r2dbc.h2.codecs.LongCodecTest.decode,
r2dbc-h2,io.r2dbc.h2.H2ColumnMetadata.getNullability,0,0,0,0,,
r2dbc-h2,io.r2dbc.h2.H2ConnectionFactory.getMetadata,1,1,1,1,io.r2dbc.h2.H2ConnectionFactoryTest.getMetadata,io.r2dbc.h2.H2ConnectionFactoryTest.getMetadata
r2dbc-h2,io.r2dbc.h2.H2Example.NamedParameterStyle.getCreateTableWithAutogeneratedKey,0,0,0,0,,
r2dbc-h2,io.r2dbc.h2.util.H2ServerExtension.getPassword,0,0,0,0,,
r2dbc-h2,io.r2dbc.h2.H2Result.toResult,1,1,19,16,"io.r2dbc.h2.H2BatchTest.execute,io.r2dbc.h2.H2ConnectionFactoryInMemoryTest.closedDatabaseFailsToCreateConnections,io.r2dbc.h2.H2ConnectionFactoryInMemoryTest.databaseClosedAfterFactoryClose,io.r2dbc.h2.H2ConnectionFactoryInMemoryTest.retainsStateAfterRunningCommand,io.r2dbc.h2.H2LobIntegrationTest.testBigBlob,io.r2dbc.h2.H2LobIntegrationTest.testBigClob,io.r2dbc.h2.H2LobIntegrationTest.testNullBlob,io.r2dbc.h2.H2LobIntegrationTest.testNullClob,io.r2dbc.h2.H2LobIntegrationTest.testSmallBlob,io.r2dbc.h2.H2LobIntegrationTest.testSmallClob,io.r2dbc.h2.H2ResultTest.toResultErrorResponse,io.r2dbc.h2.H2ResultTest.toResultNoCodecs,io.r2dbc.h2.H2ResultTest.toResultNoResult,io.r2dbc.h2.H2ResultTest.toResultRowDescription,io.r2dbc.h2.H2RowTest.selectWithAliases,io.r2dbc.h2.H2RowTest.selectWithoutAliases,io.r2dbc.h2.H2StatementTest.execute,io.r2dbc.h2.H2StatementTest.returnGenerateValuesNoArguments,io.r2dbc.h2.H2StatementTest.returnGeneratedValues","io.r2dbc.h2.H2BatchTest.execute,io.r2dbc.h2.H2LobIntegrationTest.testBigBlob,io.r2dbc.h2.H2LobIntegrationTest.testBigClob,io.r2dbc.h2.H2LobIntegrationTest.testNullBlob,io.r2dbc.h2.H2LobIntegrationTest.testNullClob,io.r2dbc.h2.H2LobIntegrationTest.testSmallBlob,io.r2dbc.h2.H2LobIntegrationTest.testSmallClob,io.r2dbc.h2.H2ResultTest.toResultErrorResponse,io.r2dbc.h2.H2ResultTest.toResultNoCodecs,io.r2dbc.h2.H2ResultTest.toResultNoResult,io.r2dbc.h2.H2ResultTest.toResultRowDescription,io.r2dbc.h2.H2RowTest.selectWithAliases,io.r2dbc.h2.H2RowTest.selectWithoutAliases,io.r2dbc.h2.H2StatementTest.execute,io.r2dbc.h2.H2StatementTest.returnGenerateValuesNoArguments,io.r2dbc.h2.H2StatementTest.returnGeneratedValues"
r2dbc-h2,io.r2dbc.h2.util.ChangeLogReportGenerator.readPage,0,0,0,0,,
r2dbc-h2,io.r2dbc.h2.ColumnSource.findColumn,1,0,1,0,io.r2dbc.h2.H2RowMetadataTest.getColumnMetadataInvalidName,
r2dbc-h2,io.r2dbc.h2.H2ConnectionFactory.DefaultCloseableConnectionFactory.close,0,0,0,0,,
r2dbc-h2,io.r2dbc.h2.H2Row.Column.getTypeInfo,0,0,0,0,,
r2dbc-h2,io.r2dbc.h2.codecs.MockCodecs.Builder.preferredType,0,0,0,0,,
r2dbc-h2,io.r2dbc.h2.codecs.ZonedDateTimeCodec.doDecode,1,1,1,1,io.r2dbc.h2.codecs.ZonedDateTimeCodecTest.decode,io.r2dbc.h2.codecs.ZonedDateTimeCodecTest.decode
r2dbc-h2,io.r2dbc.h2.H2Example.JdbcStyle.getPlaceholder,0,0,0,0,,
r2dbc-h2,io.r2dbc.h2.H2Example.JdbcStyle.getCreateTableWithAutogeneratedKey,0,0,0,0,,
r2dbc-h2,io.r2dbc.h2.client.Binding.getParameters,0,0,0,0,,
r2dbc-h2,io.r2dbc.h2.codecs.IntegerCodec.doDecode,1,0,3,0,"io.r2dbc.h2.H2RowTest.selectWithAliases,io.r2dbc.h2.H2RowTest.selectWithoutAliases,io.r2dbc.h2.codecs.DefaultCodecsTest.decode",
r2dbc-h2,io.r2dbc.h2.H2ColumnMetadata.hashCode,0,0,0,0,,
r2dbc-h2,io.r2dbc.h2.H2RowMetadata.size,0,0,0,0,,
r2dbc-h2,io.r2dbc.h2.H2ConnectionConfiguration.Builder.password,0,0,0,0,,
r2dbc-h2,io.r2dbc.h2.H2ConnectionFactoryInMemoryTest.runCommand,1,1,3,3,"io.r2dbc.h2.H2ConnectionFactoryInMemoryTest.closedDatabaseFailsToCreateConnections,io.r2dbc.h2.H2ConnectionFactoryInMemoryTest.databaseClosedAfterFactoryClose,io.r2dbc.h2.H2ConnectionFactoryInMemoryTest.retainsStateAfterRunningCommand","io.r2dbc.h2.H2ConnectionFactoryInMemoryTest.closedDatabaseFailsToCreateConnections,io.r2dbc.h2.H2ConnectionFactoryInMemoryTest.databaseClosedAfterFactoryClose,io.r2dbc.h2.H2ConnectionFactoryInMemoryTest.retainsStateAfterRunningCommand"
r2dbc-h2,io.r2dbc.h2.util.H2ServerExtension.getUsername,0,0,0,0,,
r2dbc-h2,io.r2dbc.h2.H2Statement.getCurrentBinding,0,0,0,0,,
r2dbc-h2,io.r2dbc.h2.codecs.ZonedDateTimeCodec.doEncode,1,1,2,2,"io.r2dbc.h2.codecs.ZonedDateTimeCodecTest.doEncode,io.r2dbc.h2.codecs.ZonedDateTimeCodecTest.doEncodeNoValue","io.r2dbc.h2.codecs.ZonedDateTimeCodecTest.doEncode,io.r2dbc.h2.codecs.ZonedDateTimeCodecTest.doEncodeNoValue"
r2dbc-h2,io.r2dbc.h2.codecs.CodecIntegrationTests.testType,0,0,0,0,,
r2dbc-h2,io.r2dbc.h2.codecs.ByteBufferInputStream.markSupported,0,0,0,0,,
r2dbc-h2,io.r2dbc.h2.codecs.BigDecimalCodec.doDecode,1,0,1,0,io.r2dbc.h2.codecs.BigDecimalCodecTest.decode,
r2dbc-h2,io.r2dbc.h2.H2Example.JdbcStyle.getIdentifier,0,0,0,0,,
r2dbc-h2,io.r2dbc.h2.ColumnSource.getColumnCount,0,0,0,0,,
r2dbc-h2,io.r2dbc.h2.codecs.AbstractCodec.canEncodeNull,1,0,2,0,"io.r2dbc.h2.H2LobIntegrationTest.testNullBlob,io.r2dbc.h2.codecs.DefaultCodecsTest.encode",
r2dbc-h2,io.r2dbc.h2.H2Row.Column.getName,0,0,0,0,,
r2dbc-h2,io.r2dbc.h2.H2Connection.createBatch,1,1,1,1,io.r2dbc.h2.H2ConnectionTest.createBatch,io.r2dbc.h2.H2ConnectionTest.createBatch
r2dbc-h2,io.r2dbc.h2.codecs.BigDecimalCodec.doEncode,1,1,1,1,io.r2dbc.h2.codecs.BigDecimalCodecTest.doEncode,io.r2dbc.h2.codecs.BigDecimalCodecTest.doEncode
r2dbc-h2,io.r2dbc.h2.codecs.LocalTimeCodec.doEncode,1,1,2,2,"io.r2dbc.h2.codecs.LocalTimeCodecTest.doEncode,io.r2dbc.h2.codecs.LocalTimeCodecTest.doEncodeNoValue","io.r2dbc.h2.codecs.LocalTimeCodecTest.doEncode,io.r2dbc.h2.codecs.LocalTimeCodecTest.doEncodeNoValue"
r2dbc-h2,io.r2dbc.h2.H2Row.equals,0,0,0,0,,
r2dbc-h2,io.r2dbc.h2.H2ConnectionConfiguration.getProperties,1,0,1,0,io.r2dbc.h2.H2RowTest.selectWithAliases,
r2dbc-h2,io.r2dbc.h2.codecs.FloatCodec.doDecode,1,0,1,0,io.r2dbc.h2.codecs.FloatCodecTest.decode,
r2dbc-h2,io.r2dbc.h2.H2RowMetadata.retainAll,0,0,0,0,,
r2dbc-h2,io.r2dbc.h2.codecs.PeriodCodecTest.setUp,0,0,0,0,,
r2dbc-h2,io.r2dbc.h2.H2ConnectionFactory.DefaultCloseableConnectionFactory.toString,0,0,0,0,,
r2dbc-h2,io.r2dbc.h2.codecs.DurationCodec.doCanDecode,0,0,0,0,,
r2dbc-h2,io.r2dbc.h2.H2ColumnMetadata.getNativeTypeMetadata,0,0,0,0,,
r2dbc-h2,io.r2dbc.h2.H2ConnectionFactory.inMemory,1,1,5,5,"io.r2dbc.h2.H2ConnectionFactoryInMemoryTest.closedDatabaseFailsToCreateConnections,io.r2dbc.h2.H2ConnectionFactoryInMemoryTest.closedDatabaseShutsDownClientSessions,io.r2dbc.h2.H2ConnectionFactoryInMemoryTest.databaseClosedAfterFactoryClose,io.r2dbc.h2.H2ConnectionFactoryInMemoryTest.retainsStateAfterRunningCommand,io.r2dbc.h2.H2ConnectionFactoryInMemoryTest.shouldCreateInMemoryDatabase","io.r2dbc.h2.H2ConnectionFactoryInMemoryTest.closedDatabaseFailsToCreateConnections,io.r2dbc.h2.H2ConnectionFactoryInMemoryTest.closedDatabaseShutsDownClientSessions,io.r2dbc.h2.H2ConnectionFactoryInMemoryTest.databaseClosedAfterFactoryClose,io.r2dbc.h2.H2ConnectionFactoryInMemoryTest.retainsStateAfterRunningCommand,io.r2dbc.h2.H2ConnectionFactoryInMemoryTest.shouldCreateInMemoryDatabase"
r2dbc-h2,io.r2dbc.h2.H2Connection.setTransactionIsolationLevel,1,1,2,2,"io.r2dbc.h2.H2ConnectionTest.setTransactionIsolationLevel,io.r2dbc.h2.H2ConnectionTest.setTransactionIsolationLevelReadUncommitted","io.r2dbc.h2.H2ConnectionTest.setTransactionIsolationLevel,io.r2dbc.h2.H2ConnectionTest.setTransactionIsolationLevelReadUncommitted"
r2dbc-h2,io.r2dbc.h2.H2ColumnMetadata.toNullability,1,0,2,0,"io.r2dbc.h2.H2LobIntegrationTest.testBigClob,io.r2dbc.h2.H2RowTest.selectWithAliases",
r2dbc-h2,io.r2dbc.h2.codecs.ClobCodec.doDecode,1,0,1,0,io.r2dbc.h2.H2LobIntegrationTest.testSmallClob,
r2dbc-h2,io.r2dbc.h2.Bindings.toString,0,0,0,0,,
r2dbc-h2,io.r2dbc.h2.H2ConnectionConfiguration.builder,1,1,8,5,"io.r2dbc.h2.H2ConnectionFactoryInMemoryTest.databaseClosedAfterFactoryClose,io.r2dbc.h2.H2ConnectionFactoryProviderTest.supportsKnownOptions,io.r2dbc.h2.H2ConnectionFactoryTest.create,io.r2dbc.h2.H2ConnectionFactoryTest.getMetadata,io.r2dbc.h2.H2ConnectionFactoryTest.invalidOptions,io.r2dbc.h2.H2RemoteAccessTest.tcpWithHostnameButNoPortWorks,io.r2dbc.h2.H2StatementTest.executeErrorResponse,io.r2dbc.h2.H2StatementTest.returnGeneratedValues","io.r2dbc.h2.H2ConnectionFactoryTest.create,io.r2dbc.h2.H2ConnectionFactoryTest.getMetadata,io.r2dbc.h2.H2ConnectionFactoryTest.invalidOptions,io.r2dbc.h2.H2RemoteAccessTest.tcpWithHostnameButNoPortWorks,io.r2dbc.h2.H2StatementTest.executeErrorResponse"
r2dbc-h2,io.r2dbc.h2.H2Row.getNameKeyedColumns,1,0,6,0,"io.r2dbc.h2.H2LobIntegrationTest.testBigBlob,io.r2dbc.h2.H2LobIntegrationTest.testBigClob,io.r2dbc.h2.H2LobIntegrationTest.testNullBlob,io.r2dbc.h2.H2ResultTest.toResultRowDescription,io.r2dbc.h2.H2RowTest.selectWithAliases,io.r2dbc.h2.H2StatementTest.returnGeneratedValues",
r2dbc-h2,io.r2dbc.h2.H2ConnectionMetadata.getDatabaseProductName,1,1,1,1,io.r2dbc.h2.H2ConnectionTest.getConnectionMetadata,io.r2dbc.h2.H2ConnectionTest.getConnectionMetadata
r2dbc-h2,io.r2dbc.h2.codecs.ByteBufferInputStream.available,0,0,0,0,,
r2dbc-h2,io.r2dbc.h2.H2Result.getRowsUpdated,1,0,1,0,io.r2dbc.h2.H2ConnectionFactoryInMemoryTest.closedDatabaseFailsToCreateConnections,
r2dbc-h2,io.r2dbc.h2.H2ColumnMetadata.equals,1,1,1,1,io.r2dbc.h2.H2RowMetadataTest.getColumnMetadataIndex,io.r2dbc.h2.H2RowMetadataTest.getColumnMetadataIndex
r2dbc-h2,io.r2dbc.h2.codecs.MockCodecs.Builder.toString,0,0,0,0,,
r2dbc-h2,io.r2dbc.h2.codecs.DefaultCodecs.isPresent,1,1,21,1,"io.r2dbc.h2.H2ConnectionFactoryInMemoryTest.closedDatabaseFailsToCreateConnections,io.r2dbc.h2.H2ConnectionFactoryInMemoryTest.closedDatabaseShutsDownClientSessions,io.r2dbc.h2.H2ConnectionFactoryInMemoryTest.databaseClosedAfterFactoryClose,io.r2dbc.h2.H2ConnectionFactoryInMemoryTest.retainsStateAfterRunningCommand,io.r2dbc.h2.H2ConnectionFactoryInMemoryTest.shouldCreateInMemoryDatabase,io.r2dbc.h2.H2ConnectionFactoryTest.create,io.r2dbc.h2.H2ConnectionFactoryTest.createInMemoryDatabase,io.r2dbc.h2.H2ConnectionIntegrationTest.getMetadata,io.r2dbc.h2.H2RemoteAccessTest.tcpByUrlWorks,io.r2dbc.h2.H2RemoteAccessTest.tcpWithHostnameAndPortWorks,io.r2dbc.h2.H2RemoteAccessTest.tcpWithHostnameButNoPortWorks,io.r2dbc.h2.H2RowTest.selectWithAliases,io.r2dbc.h2.H2RowTest.selectWithoutAliases,io.r2dbc.h2.H2StatementTest.executeErrorResponse,io.r2dbc.h2.H2StatementTest.returnGeneratedValues,io.r2dbc.h2.codecs.DefaultCodecsTest.addOptionalCodecsGeometry,io.r2dbc.h2.codecs.DefaultCodecsTest.createCodecsWithNonOptionalCodecsAndNoDuplicates,io.r2dbc.h2.codecs.DefaultCodecsTest.createCodecsWithOptionalCodecsAndNoDuplicates,io.r2dbc.h2.codecs.DefaultCodecsTest.decode,io.r2dbc.h2.codecs.DefaultCodecsTest.encode,io.r2dbc.h2.codecs.DefaultCodecsTest.isPresent",io.r2dbc.h2.codecs.DefaultCodecsTest.isPresent
r2dbc-h2,io.r2dbc.h2.codecs.BlobCodec.doDecode,1,1,3,1,"io.r2dbc.h2.H2LobIntegrationTest.testBigBlob,io.r2dbc.h2.codecs.BlobCodecTest.decode,io.r2dbc.h2.codecs.BlobCodecTest.decodeNull",io.r2dbc.h2.codecs.BlobCodecTest.decodeNull
r2dbc-h2,io.r2dbc.h2.H2RowMetadata.toArray,0,0,0,0,,
